source,original_file,segment,start_sample,end_sample,duration_sec,output_file
XENO,MagpieRecord_1072736,1,71858,89934,0.82,C:\Users\Brian Leap\Documents\Brian\Projects CS\AvianAura\SegmentedData\rural\call\MagpieRecord_1072736_seg001.wav
XENO,MagpieRecord_187499,1,167090,203264,1.641,C:\Users\Brian Leap\Documents\Brian\Projects CS\AvianAura\SegmentedData\rural\call\MagpieRecord_187499_seg001.wav
XENO,MagpieRecord_200412,1,42418,104014,2.793,C:\Users\Brian Leap\Documents\Brian\Projects CS\AvianAura\SegmentedData\rural\call\MagpieRecord_200412_seg001.wav
XENO,MagpieRecord_200412,2,164274,191566,1.238,C:\Users\Brian Leap\Documents\Brian\Projects CS\AvianAura\SegmentedData\rural\call\MagpieRecord_200412_seg002.wav
XENO,MagpieRecord_244305,1,8882,28494,0.889,C:\Users\Brian Leap\Documents\Brian\Projects CS\AvianAura\SegmentedData\rural\call\MagpieRecord_244305_seg001.wav
XENO,MagpieRecord_244305,2,53426,82510,1.319,C:\Users\Brian Leap\Documents\Brian\Projects CS\AvianAura\SegmentedData\rural\call\MagpieRecord_244305_seg002.wav
XENO,MagpieRecord_244305,3,105138,125774,0.936,C:\Users\Brian Leap\Documents\Brian\Projects CS\AvianAura\SegmentedData\rural\call\MagpieRecord_244305_seg003.wav
XENO,MagpieRecord_244305,4,263858,291150,1.238,C:\Users\Brian Leap\Documents\Brian\Projects CS\AvianAura\SegmentedData\rural\call\MagpieRecord_244305_seg004.wav
XENO,MagpieRecord_293109,1,81074,115022,1.54,C:\Users\Brian Leap\Documents\Brian\Projects CS\AvianAura\SegmentedData\rural\call\MagpieRecord_293109_seg001.wav
XENO,MagpieRecord_293109,2,128946,152398,1.064,C:\Users\Brian Leap\Documents\Brian\Projects CS\AvianAura\SegmentedData\rural\call\MagpieRecord_293109_seg002.wav
XENO,MagpieRecord_293109,3,249266,271694,1.017,C:\Users\Brian Leap\Documents\Brian\Projects CS\AvianAura\SegmentedData\rural\call\MagpieRecord_293109_seg003.wav
XENO,MagpieRecord_293109,4,478130,518734,1.841,C:\Users\Brian Leap\Documents\Brian\Projects CS\AvianAura\SegmentedData\rural\call\MagpieRecord_293109_seg004.wav
XENO,MagpieRecord_327864,1,79794,105550,1.168,C:\Users\Brian Leap\Documents\Brian\Projects CS\AvianAura\SegmentedData\rural\call\MagpieRecord_327864_seg001.wav
XENO,MagpieRecord_327864,2,242866,261710,0.855,C:\Users\Brian Leap\Documents\Brian\Projects CS\AvianAura\SegmentedData\rural\call\MagpieRecord_327864_seg002.wav
XENO,MagpieRecord_335533,1,332978,366414,1.516,C:\Users\Brian Leap\Documents\Brian\Projects CS\AvianAura\SegmentedData\rural\call\MagpieRecord_335533_seg001.wav
XENO,MagpieRecord_365138,1,247218,279118,1.447,C:\Users\Brian Leap\Documents\Brian\Projects CS\AvianAura\SegmentedData\rural\call\MagpieRecord_365138_seg001.wav
XENO,MagpieRecord_365138,2,356530,388174,1.435,C:\Users\Brian Leap\Documents\Brian\Projects CS\AvianAura\SegmentedData\rural\call\MagpieRecord_365138_seg002.wav
XENO,MagpieRecord_365138,3,427698,449870,1.006,C:\Users\Brian Leap\Documents\Brian\Projects CS\AvianAura\SegmentedData\rural\call\MagpieRecord_365138_seg003.wav
XENO,MagpieRecord_365138,4,472498,512590,1.818,C:\Users\Brian Leap\Documents\Brian\Projects CS\AvianAura\SegmentedData\rural\call\MagpieRecord_365138_seg004.wav
XENO,MagpieRecord_365138,5,571314,595278,1.087,C:\Users\Brian Leap\Documents\Brian\Projects CS\AvianAura\SegmentedData\rural\call\MagpieRecord_365138_seg005.wav
XENO,MagpieRecord_365138,6,655538,681550,1.18,C:\Users\Brian Leap\Documents\Brian\Projects CS\AvianAura\SegmentedData\rural\call\MagpieRecord_365138_seg006.wav
XENO,MagpieRecord_365138,7,854194,886862,1.482,C:\Users\Brian Leap\Documents\Brian\Projects CS\AvianAura\SegmentedData\rural\call\MagpieRecord_365138_seg007.wav
XENO,MagpieRecord_365138,8,1700274,1739086,1.76,C:\Users\Brian Leap\Documents\Brian\Projects CS\AvianAura\SegmentedData\rural\call\MagpieRecord_365138_seg008.wav
XENO,MagpieRecord_365138,9,1759154,1778254,0.866,C:\Users\Brian Leap\Documents\Brian\Projects CS\AvianAura\SegmentedData\rural\call\MagpieRecord_365138_seg009.wav
XENO,MagpieRecord_365138,10,1828786,1848654,0.901,C:\Users\Brian Leap\Documents\Brian\Projects CS\AvianAura\SegmentedData\rural\call\MagpieRecord_365138_seg010.wav
XENO,MagpieRecord_365138,11,2138290,2172416,1.548,C:\Users\Brian Leap\Documents\Brian\Projects CS\AvianAura\SegmentedData\rural\call\MagpieRecord_365138_seg011.wav
XENO,MagpieRecord_689343,1,0,17742,0.805,C:\Users\Brian Leap\Documents\Brian\Projects CS\AvianAura\SegmentedData\rural\call\MagpieRecord_689343_seg001.wav
XENO,MagpieRecord_692695,1,29874,55630,1.168,C:\Users\Brian Leap\Documents\Brian\Projects CS\AvianAura\SegmentedData\rural\call\MagpieRecord_692695_seg001.wav
XENO,MagpieRecord_692695,2,108466,143950,1.609,C:\Users\Brian Leap\Documents\Brian\Projects CS\AvianAura\SegmentedData\rural\call\MagpieRecord_692695_seg002.wav
XENO,MagpieRecord_692695,3,264882,327502,2.84,C:\Users\Brian Leap\Documents\Brian\Projects CS\AvianAura\SegmentedData\rural\call\MagpieRecord_692695_seg003.wav
XENO,MagpieRecord_692695,4,388018,406350,0.831,C:\Users\Brian Leap\Documents\Brian\Projects CS\AvianAura\SegmentedData\rural\call\MagpieRecord_692695_seg004.wav
XENO,MagpieRecord_692695,5,567218,597326,1.365,C:\Users\Brian Leap\Documents\Brian\Projects CS\AvianAura\SegmentedData\rural\call\MagpieRecord_692695_seg005.wav
XENO,MagpieRecord_816245,1,138418,165198,1.215,C:\Users\Brian Leap\Documents\Brian\Projects CS\AvianAura\SegmentedData\rural\call\MagpieRecord_816245_seg001.wav
XENO,MagpieRecord_816245,2,377778,397134,0.878,C:\Users\Brian Leap\Documents\Brian\Projects CS\AvianAura\SegmentedData\rural\call\MagpieRecord_816245_seg002.wav
XENO,MagpieRecord_816245,3,820658,850510,1.354,C:\Users\Brian Leap\Documents\Brian\Projects CS\AvianAura\SegmentedData\rural\call\MagpieRecord_816245_seg003.wav
XENO,MagpieRecord_816245,4,1033138,1052238,0.866,C:\Users\Brian Leap\Documents\Brian\Projects CS\AvianAura\SegmentedData\rural\call\MagpieRecord_816245_seg004.wav
XENO,MagpieRecord_816245,5,1727154,1762304,1.594,C:\Users\Brian Leap\Documents\Brian\Projects CS\AvianAura\SegmentedData\rural\call\MagpieRecord_816245_seg005.wav
XENO,MagpieRecord_859894,1,12466,56910,2.016,C:\Users\Brian Leap\Documents\Brian\Projects CS\AvianAura\SegmentedData\rural\call\MagpieRecord_859894_seg001.wav
XENO,MagpieRecord_859894,2,66226,115790,2.248,C:\Users\Brian Leap\Documents\Brian\Projects CS\AvianAura\SegmentedData\rural\call\MagpieRecord_859894_seg002.wav
XENO,MagpieRecord_859894,3,128946,147278,0.831,C:\Users\Brian Leap\Documents\Brian\Projects CS\AvianAura\SegmentedData\rural\call\MagpieRecord_859894_seg003.wav
XENO,MagpieRecord_859894,4,262578,298062,1.609,C:\Users\Brian Leap\Documents\Brian\Projects CS\AvianAura\SegmentedData\rural\call\MagpieRecord_859894_seg004.wav
XENO,MagpieRecord_871683,1,17330,36686,0.878,C:\Users\Brian Leap\Documents\Brian\Projects CS\AvianAura\SegmentedData\rural\call\MagpieRecord_871683_seg001.wav
XENO,MagpieRecord_895591,1,116146,151630,1.609,C:\Users\Brian Leap\Documents\Brian\Projects CS\AvianAura\SegmentedData\rural\call\MagpieRecord_895591_seg001.wav
XENO,MagpieRecord_895591,2,226738,290382,2.886,C:\Users\Brian Leap\Documents\Brian\Projects CS\AvianAura\SegmentedData\rural\call\MagpieRecord_895591_seg002.wav
XENO,MagpieRecord_895591,3,338354,367438,1.319,C:\Users\Brian Leap\Documents\Brian\Projects CS\AvianAura\SegmentedData\rural\call\MagpieRecord_895591_seg003.wav
XENO,MagpieRecord_895591,4,531634,560206,1.296,C:\Users\Brian Leap\Documents\Brian\Projects CS\AvianAura\SegmentedData\rural\call\MagpieRecord_895591_seg004.wav
XENO,MagpieRecord_895591,5,789426,838990,2.248,C:\Users\Brian Leap\Documents\Brian\Projects CS\AvianAura\SegmentedData\rural\call\MagpieRecord_895591_seg005.wav
XENO,MagpieRecord_895591,6,881330,911694,1.377,C:\Users\Brian Leap\Documents\Brian\Projects CS\AvianAura\SegmentedData\rural\call\MagpieRecord_895591_seg006.wav
XENO,MagpieRecord_895591,7,1682610,1710926,1.284,C:\Users\Brian Leap\Documents\Brian\Projects CS\AvianAura\SegmentedData\rural\call\MagpieRecord_895591_seg007.wav
XENO,MagpieRecord_895591,8,1735090,1788494,2.422,C:\Users\Brian Leap\Documents\Brian\Projects CS\AvianAura\SegmentedData\rural\call\MagpieRecord_895591_seg008.wav
XENO,MagpieRecord_895591,9,1910706,1934670,1.087,C:\Users\Brian Leap\Documents\Brian\Projects CS\AvianAura\SegmentedData\rural\call\MagpieRecord_895591_seg009.wav
XENO,MagpieRecord_895591,10,2084274,2145870,2.793,C:\Users\Brian Leap\Documents\Brian\Projects CS\AvianAura\SegmentedData\rural\call\MagpieRecord_895591_seg010.wav
XENO,MagpieRecord_895591,11,2540210,2605134,2.944,C:\Users\Brian Leap\Documents\Brian\Projects CS\AvianAura\SegmentedData\rural\call\MagpieRecord_895591_seg011.wav
XENO,MagpieRecord_895591,12,3007666,3028302,0.936,C:\Users\Brian Leap\Documents\Brian\Projects CS\AvianAura\SegmentedData\rural\call\MagpieRecord_895591_seg012.wav
XENO,MagpieRecord_895591,13,3111346,3134030,1.029,C:\Users\Brian Leap\Documents\Brian\Projects CS\AvianAura\SegmentedData\rural\call\MagpieRecord_895591_seg013.wav
XENO,MagpieRecord_96885,1,251314,315726,2.921,C:\Users\Brian Leap\Documents\Brian\Projects CS\AvianAura\SegmentedData\rural\call\MagpieRecord_96885_seg001.wav
XENO,MagpieRecord_96885,2,449714,529230,3.606,C:\Users\Brian Leap\Documents\Brian\Projects CS\AvianAura\SegmentedData\rural\call\MagpieRecord_96885_seg002.wav
XENO,MagpieRecord_1026927,1,28850,50510,0.982,C:\Users\Brian Leap\Documents\Brian\Projects CS\AvianAura\SegmentedData\rural\song\MagpieRecord_1026927_seg001.wav
XENO,MagpieRecord_1026927,2,142514,178510,1.632,C:\Users\Brian Leap\Documents\Brian\Projects CS\AvianAura\SegmentedData\rural\song\MagpieRecord_1026927_seg002.wav
XENO,MagpieRecord_1026927,3,287154,314446,1.238,C:\Users\Brian Leap\Documents\Brian\Projects CS\AvianAura\SegmentedData\rural\song\MagpieRecord_1026927_seg003.wav
XENO,MagpieRecord_1026927,4,430258,468558,1.737,C:\Users\Brian Leap\Documents\Brian\Projects CS\AvianAura\SegmentedData\rural\song\MagpieRecord_1026927_seg004.wav
XENO,MagpieRecord_1045892,1,0,51278,2.326,C:\Users\Brian Leap\Documents\Brian\Projects CS\AvianAura\SegmentedData\rural\song\MagpieRecord_1045892_seg001.wav
XENO,MagpieRecord_1045892,2,507570,573262,2.979,C:\Users\Brian Leap\Documents\Brian\Projects CS\AvianAura\SegmentedData\rural\song\MagpieRecord_1045892_seg002.wav
XENO,MagpieRecord_1045892,3,1176242,1224270,2.178,C:\Users\Brian Leap\Documents\Brian\Projects CS\AvianAura\SegmentedData\rural\song\MagpieRecord_1045892_seg003.wav
XENO,MagpieRecord_1045892,4,1489074,1564750,3.432,C:\Users\Brian Leap\Documents\Brian\Projects CS\AvianAura\SegmentedData\rural\song\MagpieRecord_1045892_seg004.wav
XENO,MagpieRecord_1045892,5,1984690,2034688,2.267,C:\Users\Brian Leap\Documents\Brian\Projects CS\AvianAura\SegmentedData\rural\song\MagpieRecord_1045892_seg005.wav
XENO,MagpieRecord_1054235,1,169906,189774,0.901,C:\Users\Brian Leap\Documents\Brian\Projects CS\AvianAura\SegmentedData\rural\song\MagpieRecord_1054235_seg001.wav
XENO,MagpieRecord_1066594,1,0,41038,1.861,C:\Users\Brian Leap\Documents\Brian\Projects CS\AvianAura\SegmentedData\rural\song\MagpieRecord_1066594_seg001.wav
XENO,MagpieRecord_1066594,2,187314,230478,1.958,C:\Users\Brian Leap\Documents\Brian\Projects CS\AvianAura\SegmentedData\rural\song\MagpieRecord_1066594_seg002.wav
XENO,MagpieRecord_1066594,3,397746,431950,1.551,C:\Users\Brian Leap\Documents\Brian\Projects CS\AvianAura\SegmentedData\rural\song\MagpieRecord_1066594_seg003.wav
XENO,MagpieRecord_1086678,1,352434,395086,1.934,C:\Users\Brian Leap\Documents\Brian\Projects CS\AvianAura\SegmentedData\rural\song\MagpieRecord_1086678_seg001.wav
XENO,MagpieRecord_152949,1,338610,428878,4.094,C:\Users\Brian Leap\Documents\Brian\Projects CS\AvianAura\SegmentedData\rural\song\MagpieRecord_152949_seg001.wav
XENO,MagpieRecord_152949,2,680626,742400,2.802,C:\Users\Brian Leap\Documents\Brian\Projects CS\AvianAura\SegmentedData\rural\song\MagpieRecord_152949_seg002.wav
XENO,MagpieRecord_153012,1,36018,67918,1.447,C:\Users\Brian Leap\Documents\Brian\Projects CS\AvianAura\SegmentedData\rural\song\MagpieRecord_153012_seg001.wav
XENO,MagpieRecord_153012,2,172978,205646,1.482,C:\Users\Brian Leap\Documents\Brian\Projects CS\AvianAura\SegmentedData\rural\song\MagpieRecord_153012_seg002.wav
XENO,MagpieRecord_153012,3,402098,421198,0.866,C:\Users\Brian Leap\Documents\Brian\Projects CS\AvianAura\SegmentedData\rural\song\MagpieRecord_153012_seg003.wav
XENO,MagpieRecord_153012,4,615090,649550,1.563,C:\Users\Brian Leap\Documents\Brian\Projects CS\AvianAura\SegmentedData\rural\song\MagpieRecord_153012_seg004.wav
XENO,MagpieRecord_172203,1,45490,81742,1.644,C:\Users\Brian Leap\Documents\Brian\Projects CS\AvianAura\SegmentedData\rural\song\MagpieRecord_172203_seg001.wav
XENO,MagpieRecord_172203,2,116914,155982,1.772,C:\Users\Brian Leap\Documents\Brian\Projects CS\AvianAura\SegmentedData\rural\song\MagpieRecord_172203_seg002.wav
XENO,MagpieRecord_172204,1,0,21838,0.99,C:\Users\Brian Leap\Documents\Brian\Projects CS\AvianAura\SegmentedData\rural\song\MagpieRecord_172204_seg001.wav
XENO,MagpieRecord_172204,2,75442,120654,2.05,C:\Users\Brian Leap\Documents\Brian\Projects CS\AvianAura\SegmentedData\rural\song\MagpieRecord_172204_seg002.wav
XENO,MagpieRecord_172204,3,376754,396366,0.889,C:\Users\Brian Leap\Documents\Brian\Projects CS\AvianAura\SegmentedData\rural\song\MagpieRecord_172204_seg003.wav
XENO,MagpieRecord_172204,4,530866,565070,1.551,C:\Users\Brian Leap\Documents\Brian\Projects CS\AvianAura\SegmentedData\rural\song\MagpieRecord_172204_seg004.wav
XENO,MagpieRecord_172204,5,790706,840192,2.244,C:\Users\Brian Leap\Documents\Brian\Projects CS\AvianAura\SegmentedData\rural\song\MagpieRecord_172204_seg005.wav
XENO,MagpieRecord_200286,1,1458,19534,0.82,C:\Users\Brian Leap\Documents\Brian\Projects CS\AvianAura\SegmentedData\rural\song\MagpieRecord_200286_seg001.wav
XENO,MagpieRecord_200287,1,42162,79182,1.679,C:\Users\Brian Leap\Documents\Brian\Projects CS\AvianAura\SegmentedData\rural\song\MagpieRecord_200287_seg001.wav
XENO,MagpieRecord_200287,2,259250,299342,1.818,C:\Users\Brian Leap\Documents\Brian\Projects CS\AvianAura\SegmentedData\rural\song\MagpieRecord_200287_seg002.wav
XENO,MagpieRecord_344823,1,103602,126542,1.04,C:\Users\Brian Leap\Documents\Brian\Projects CS\AvianAura\SegmentedData\rural\song\MagpieRecord_344823_seg001.wav
XENO,MagpieRecord_357317,1,128178,154702,1.203,C:\Users\Brian Leap\Documents\Brian\Projects CS\AvianAura\SegmentedData\rural\song\MagpieRecord_357317_seg001.wav
XENO,MagpieRecord_357317,2,655282,679246,1.087,C:\Users\Brian Leap\Documents\Brian\Projects CS\AvianAura\SegmentedData\rural\song\MagpieRecord_357317_seg002.wav
XENO,MagpieRecord_357317,3,740018,764238,1.098,C:\Users\Brian Leap\Documents\Brian\Projects CS\AvianAura\SegmentedData\rural\song\MagpieRecord_357317_seg003.wav
XENO,MagpieRecord_357317,4,862130,889678,1.249,C:\Users\Brian Leap\Documents\Brian\Projects CS\AvianAura\SegmentedData\rural\song\MagpieRecord_357317_seg004.wav
XENO,MagpieRecord_357317,5,912050,936270,1.098,C:\Users\Brian Leap\Documents\Brian\Projects CS\AvianAura\SegmentedData\rural\song\MagpieRecord_357317_seg005.wav
XENO,MagpieRecord_357317,6,1158578,1185358,1.215,C:\Users\Brian Leap\Documents\Brian\Projects CS\AvianAura\SegmentedData\rural\song\MagpieRecord_357317_seg006.wav
XENO,MagpieRecord_365136,1,270258,333646,2.875,C:\Users\Brian Leap\Documents\Brian\Projects CS\AvianAura\SegmentedData\rural\song\MagpieRecord_365136_seg001.wav
XENO,MagpieRecord_365136,2,636850,702542,2.979,C:\Users\Brian Leap\Documents\Brian\Projects CS\AvianAura\SegmentedData\rural\song\MagpieRecord_365136_seg002.wav
XENO,MagpieRecord_365136,3,1380786,1455182,3.374,C:\Users\Brian Leap\Documents\Brian\Projects CS\AvianAura\SegmentedData\rural\song\MagpieRecord_365136_seg003.wav
XENO,MagpieRecord_365136,4,1606834,1633358,1.203,C:\Users\Brian Leap\Documents\Brian\Projects CS\AvianAura\SegmentedData\rural\song\MagpieRecord_365136_seg004.wav
XENO,MagpieRecord_365136,5,2146226,2164558,0.831,C:\Users\Brian Leap\Documents\Brian\Projects CS\AvianAura\SegmentedData\rural\song\MagpieRecord_365136_seg005.wav
XENO,MagpieRecord_382720,1,8114,88910,3.664,C:\Users\Brian Leap\Documents\Brian\Projects CS\AvianAura\SegmentedData\rural\song\MagpieRecord_382720_seg001.wav
XENO,MagpieRecord_382720,2,350386,439118,4.024,C:\Users\Brian Leap\Documents\Brian\Projects CS\AvianAura\SegmentedData\rural\song\MagpieRecord_382720_seg002.wav
XENO,MagpieRecord_382720,3,871346,974336,4.671,C:\Users\Brian Leap\Documents\Brian\Projects CS\AvianAura\SegmentedData\rural\song\MagpieRecord_382720_seg003.wav
XENO,MagpieRecord_382769,1,28594,76110,2.155,C:\Users\Brian Leap\Documents\Brian\Projects CS\AvianAura\SegmentedData\rural\song\MagpieRecord_382769_seg001.wav
XENO,MagpieRecord_382769,2,575154,595278,0.913,C:\Users\Brian Leap\Documents\Brian\Projects CS\AvianAura\SegmentedData\rural\song\MagpieRecord_382769_seg002.wav
XENO,MagpieRecord_382769,3,1097394,1136206,1.76,C:\Users\Brian Leap\Documents\Brian\Projects CS\AvianAura\SegmentedData\rural\song\MagpieRecord_382769_seg003.wav
XENO,MagpieRecord_413372,1,9138,56910,2.167,C:\Users\Brian Leap\Documents\Brian\Projects CS\AvianAura\SegmentedData\rural\song\MagpieRecord_413372_seg001.wav
XENO,MagpieRecord_413372,2,498098,545358,2.143,C:\Users\Brian Leap\Documents\Brian\Projects CS\AvianAura\SegmentedData\rural\song\MagpieRecord_413372_seg002.wav
XENO,MagpieRecord_413372,3,838834,885582,2.12,C:\Users\Brian Leap\Documents\Brian\Projects CS\AvianAura\SegmentedData\rural\song\MagpieRecord_413372_seg003.wav
XENO,MagpieRecord_413372,4,1227954,1274190,2.097,C:\Users\Brian Leap\Documents\Brian\Projects CS\AvianAura\SegmentedData\rural\song\MagpieRecord_413372_seg004.wav
XENO,MagpieRecord_413372,5,1749426,1795406,2.085,C:\Users\Brian Leap\Documents\Brian\Projects CS\AvianAura\SegmentedData\rural\song\MagpieRecord_413372_seg005.wav
XENO,MagpieRecord_413372,6,2145714,2191694,2.085,C:\Users\Brian Leap\Documents\Brian\Projects CS\AvianAura\SegmentedData\rural\song\MagpieRecord_413372_seg006.wav
XENO,MagpieRecord_413372,7,2577074,2622976,2.082,C:\Users\Brian Leap\Documents\Brian\Projects CS\AvianAura\SegmentedData\rural\song\MagpieRecord_413372_seg007.wav
XENO,MagpieRecord_507774,1,40882,78414,1.702,C:\Users\Brian Leap\Documents\Brian\Projects CS\AvianAura\SegmentedData\rural\song\MagpieRecord_507774_seg001.wav
XENO,MagpieRecord_507774,2,340658,400462,2.712,C:\Users\Brian Leap\Documents\Brian\Projects CS\AvianAura\SegmentedData\rural\song\MagpieRecord_507774_seg002.wav
XENO,MagpieRecord_507774,3,647346,706638,2.689,C:\Users\Brian Leap\Documents\Brian\Projects CS\AvianAura\SegmentedData\rural\song\MagpieRecord_507774_seg003.wav
XENO,MagpieRecord_507774,4,1036466,1070158,1.528,C:\Users\Brian Leap\Documents\Brian\Projects CS\AvianAura\SegmentedData\rural\song\MagpieRecord_507774_seg004.wav
XENO,MagpieRecord_594050,1,0,66894,3.034,C:\Users\Brian Leap\Documents\Brian\Projects CS\AvianAura\SegmentedData\rural\song\MagpieRecord_594050_seg001.wav
XENO,MagpieRecord_594050,2,533682,553038,0.878,C:\Users\Brian Leap\Documents\Brian\Projects CS\AvianAura\SegmentedData\rural\song\MagpieRecord_594050_seg002.wav
XENO,MagpieRecord_594050,3,972210,991822,0.889,C:\Users\Brian Leap\Documents\Brian\Projects CS\AvianAura\SegmentedData\rural\song\MagpieRecord_594050_seg003.wav
XENO,MagpieRecord_594050,4,1234098,1256782,1.029,C:\Users\Brian Leap\Documents\Brian\Projects CS\AvianAura\SegmentedData\rural\song\MagpieRecord_594050_seg004.wav
XENO,MagpieRecord_597149,1,33458,58702,1.145,C:\Users\Brian Leap\Documents\Brian\Projects CS\AvianAura\SegmentedData\rural\song\MagpieRecord_597149_seg001.wav
XENO,MagpieRecord_597149,2,263346,326222,2.852,C:\Users\Brian Leap\Documents\Brian\Projects CS\AvianAura\SegmentedData\rural\song\MagpieRecord_597149_seg002.wav
XENO,MagpieRecord_597149,3,743858,773454,1.342,C:\Users\Brian Leap\Documents\Brian\Projects CS\AvianAura\SegmentedData\rural\song\MagpieRecord_597149_seg003.wav
XENO,MagpieRecord_597149,4,820914,855118,1.551,C:\Users\Brian Leap\Documents\Brian\Projects CS\AvianAura\SegmentedData\rural\song\MagpieRecord_597149_seg004.wav
XENO,MagpieRecord_609051,1,1970,31310,1.331,C:\Users\Brian Leap\Documents\Brian\Projects CS\AvianAura\SegmentedData\rural\song\MagpieRecord_609051_seg001.wav
XENO,MagpieRecord_609051,2,130482,157774,1.238,C:\Users\Brian Leap\Documents\Brian\Projects CS\AvianAura\SegmentedData\rural\song\MagpieRecord_609051_seg002.wav
XENO,MagpieRecord_609051,3,257970,289870,1.447,C:\Users\Brian Leap\Documents\Brian\Projects CS\AvianAura\SegmentedData\rural\song\MagpieRecord_609051_seg003.wav
XENO,MagpieRecord_609051,4,398002,425294,1.238,C:\Users\Brian Leap\Documents\Brian\Projects CS\AvianAura\SegmentedData\rural\song\MagpieRecord_609051_seg004.wav
XENO,MagpieRecord_609051,5,555186,584014,1.307,C:\Users\Brian Leap\Documents\Brian\Projects CS\AvianAura\SegmentedData\rural\song\MagpieRecord_609051_seg005.wav
XENO,MagpieRecord_609051,6,699058,747854,2.213,C:\Users\Brian Leap\Documents\Brian\Projects CS\AvianAura\SegmentedData\rural\song\MagpieRecord_609051_seg006.wav
XENO,MagpieRecord_609051,7,872370,900942,1.296,C:\Users\Brian Leap\Documents\Brian\Projects CS\AvianAura\SegmentedData\rural\song\MagpieRecord_609051_seg007.wav
XENO,MagpieRecord_609051,8,1017778,1046350,1.296,C:\Users\Brian Leap\Documents\Brian\Projects CS\AvianAura\SegmentedData\rural\song\MagpieRecord_609051_seg008.wav
XENO,MagpieRecord_609051,9,1161650,1208910,2.143,C:\Users\Brian Leap\Documents\Brian\Projects CS\AvianAura\SegmentedData\rural\song\MagpieRecord_609051_seg009.wav
XENO,MagpieRecord_609051,10,1324466,1356622,1.458,C:\Users\Brian Leap\Documents\Brian\Projects CS\AvianAura\SegmentedData\rural\song\MagpieRecord_609051_seg010.wav
XENO,MagpieRecord_609051,11,1463474,1504590,1.865,C:\Users\Brian Leap\Documents\Brian\Projects CS\AvianAura\SegmentedData\rural\song\MagpieRecord_609051_seg011.wav
XENO,MagpieRecord_609051,12,1628082,1656142,1.273,C:\Users\Brian Leap\Documents\Brian\Projects CS\AvianAura\SegmentedData\rural\song\MagpieRecord_609051_seg012.wav
XENO,MagpieRecord_609051,13,1770162,1812558,1.923,C:\Users\Brian Leap\Documents\Brian\Projects CS\AvianAura\SegmentedData\rural\song\MagpieRecord_609051_seg013.wav
XENO,MagpieRecord_609051,14,1916594,1945422,1.307,C:\Users\Brian Leap\Documents\Brian\Projects CS\AvianAura\SegmentedData\rural\song\MagpieRecord_609051_seg014.wav
XENO,MagpieRecord_663449,1,0,20302,0.921,C:\Users\Brian Leap\Documents\Brian\Projects CS\AvianAura\SegmentedData\rural\song\MagpieRecord_663449_seg001.wav
XENO,MagpieRecord_663449,2,99250,133966,1.574,C:\Users\Brian Leap\Documents\Brian\Projects CS\AvianAura\SegmentedData\rural\song\MagpieRecord_663449_seg002.wav
XENO,MagpieRecord_663449,3,272306,303694,1.423,C:\Users\Brian Leap\Documents\Brian\Projects CS\AvianAura\SegmentedData\rural\song\MagpieRecord_663449_seg003.wav
XENO,MagpieRecord_663449,4,395954,431182,1.598,C:\Users\Brian Leap\Documents\Brian\Projects CS\AvianAura\SegmentedData\rural\song\MagpieRecord_663449_seg004.wav
XENO,MagpieRecord_747690,1,34482,58958,1.11,C:\Users\Brian Leap\Documents\Brian\Projects CS\AvianAura\SegmentedData\rural\song\MagpieRecord_747690_seg001.wav
XENO,MagpieRecord_747690,2,210866,262734,2.352,C:\Users\Brian Leap\Documents\Brian\Projects CS\AvianAura\SegmentedData\rural\song\MagpieRecord_747690_seg002.wav
XENO,MagpieRecord_747690,3,379826,404302,1.11,C:\Users\Brian Leap\Documents\Brian\Projects CS\AvianAura\SegmentedData\rural\song\MagpieRecord_747690_seg003.wav
XENO,MagpieRecord_747690,4,485298,543822,2.654,C:\Users\Brian Leap\Documents\Brian\Projects CS\AvianAura\SegmentedData\rural\song\MagpieRecord_747690_seg004.wav
XENO,MagpieRecord_747690,5,580018,604238,1.098,C:\Users\Brian Leap\Documents\Brian\Projects CS\AvianAura\SegmentedData\rural\song\MagpieRecord_747690_seg005.wav
XENO,MagpieRecord_747690,6,667058,696142,1.319,C:\Users\Brian Leap\Documents\Brian\Projects CS\AvianAura\SegmentedData\rural\song\MagpieRecord_747690_seg006.wav
XENO,MagpieRecord_816246,1,48050,69710,0.982,C:\Users\Brian Leap\Documents\Brian\Projects CS\AvianAura\SegmentedData\rural\song\MagpieRecord_816246_seg001.wav
XENO,MagpieRecord_957831,1,256434,347214,4.117,C:\Users\Brian Leap\Documents\Brian\Projects CS\AvianAura\SegmentedData\rural\song\MagpieRecord_957831_seg001.wav
XENO,MagpieRecord_957831,2,681906,705870,1.087,C:\Users\Brian Leap\Documents\Brian\Projects CS\AvianAura\SegmentedData\rural\song\MagpieRecord_957831_seg002.wav
XENO,MagpieRecord_957831,3,831922,883790,2.352,C:\Users\Brian Leap\Documents\Brian\Projects CS\AvianAura\SegmentedData\rural\song\MagpieRecord_957831_seg003.wav
XENO,MagpieRecord_957831,4,1087666,1155662,3.084,C:\Users\Brian Leap\Documents\Brian\Projects CS\AvianAura\SegmentedData\rural\song\MagpieRecord_957831_seg004.wav
XENO,MagpieRecord_957831,5,1402290,1486926,3.838,C:\Users\Brian Leap\Documents\Brian\Projects CS\AvianAura\SegmentedData\rural\song\MagpieRecord_957831_seg005.wav
XENO,MagpieRecord_957831,6,1625778,1649486,1.075,C:\Users\Brian Leap\Documents\Brian\Projects CS\AvianAura\SegmentedData\rural\song\MagpieRecord_957831_seg006.wav
XENO,MagpieRecord_957831,7,2098098,2178126,3.629,C:\Users\Brian Leap\Documents\Brian\Projects CS\AvianAura\SegmentedData\rural\song\MagpieRecord_957831_seg007.wav
XENO,MagpieRecord_957831,8,2523314,2624334,4.581,C:\Users\Brian Leap\Documents\Brian\Projects CS\AvianAura\SegmentedData\rural\song\MagpieRecord_957831_seg008.wav
XENO,MagpieRecord_957831,9,2765746,2821710,2.538,C:\Users\Brian Leap\Documents\Brian\Projects CS\AvianAura\SegmentedData\rural\song\MagpieRecord_957831_seg009.wav
XENO,MagpieRecord_957831,10,2937522,3032654,4.314,C:\Users\Brian Leap\Documents\Brian\Projects CS\AvianAura\SegmentedData\rural\song\MagpieRecord_957831_seg010.wav
XENO,MagpieRecord_957831,11,3279282,3330126,2.306,C:\Users\Brian Leap\Documents\Brian\Projects CS\AvianAura\SegmentedData\rural\song\MagpieRecord_957831_seg011.wav
XENO,MagpieRecord_959424,1,690,41550,1.853,C:\Users\Brian Leap\Documents\Brian\Projects CS\AvianAura\SegmentedData\rural\song\MagpieRecord_959424_seg001.wav
XENO,MagpieRecord_959424,2,83890,109390,1.156,C:\Users\Brian Leap\Documents\Brian\Projects CS\AvianAura\SegmentedData\rural\song\MagpieRecord_959424_seg002.wav
XENO,MagpieRecord_959425,1,73906,105038,1.412,C:\Users\Brian Leap\Documents\Brian\Projects CS\AvianAura\SegmentedData\rural\song\MagpieRecord_959425_seg001.wav
XENO,MagpieRecord_959293,1,51378,93006,1.888,C:\Users\Brian Leap\Documents\Brian\Projects CS\AvianAura\SegmentedData\unknown\song\MagpieRecord_959293_seg001.wav
XENO,MagpieRecord_959293,2,176818,194894,0.82,C:\Users\Brian Leap\Documents\Brian\Projects CS\AvianAura\SegmentedData\unknown\song\MagpieRecord_959293_seg002.wav
XENO,MagpieRecord_959293,3,288434,312398,1.087,C:\Users\Brian Leap\Documents\Brian\Projects CS\AvianAura\SegmentedData\unknown\song\MagpieRecord_959293_seg003.wav
XENO,MagpieRecord_959293,4,1092786,1121870,1.319,C:\Users\Brian Leap\Documents\Brian\Projects CS\AvianAura\SegmentedData\unknown\song\MagpieRecord_959293_seg004.wav
XENO,MagpieRecord_959293,5,1627058,1651278,1.098,C:\Users\Brian Leap\Documents\Brian\Projects CS\AvianAura\SegmentedData\unknown\song\MagpieRecord_959293_seg005.wav
XENO,MagpieRecord_959293,6,1910450,1932622,1.006,C:\Users\Brian Leap\Documents\Brian\Projects CS\AvianAura\SegmentedData\unknown\song\MagpieRecord_959293_seg006.wav
XENO,MagpieRecord_959293,7,1946290,1972558,1.191,C:\Users\Brian Leap\Documents\Brian\Projects CS\AvianAura\SegmentedData\unknown\song\MagpieRecord_959293_seg007.wav
XENO,MagpieRecord_959293,8,2336690,2358862,1.006,C:\Users\Brian Leap\Documents\Brian\Projects CS\AvianAura\SegmentedData\unknown\song\MagpieRecord_959293_seg008.wav
XENO,MagpieRecord_959293,9,2404786,2563406,7.194,C:\Users\Brian Leap\Documents\Brian\Projects CS\AvianAura\SegmentedData\unknown\song\MagpieRecord_959293_seg009.wav
XENO,MagpieRecord_959293,10,2662066,2714958,2.399,C:\Users\Brian Leap\Documents\Brian\Projects CS\AvianAura\SegmentedData\unknown\song\MagpieRecord_959293_seg010.wav
XENO,MagpieRecord_959293,11,2869682,2922574,2.399,C:\Users\Brian Leap\Documents\Brian\Projects CS\AvianAura\SegmentedData\unknown\song\MagpieRecord_959293_seg011.wav
XENO,MagpieRecord_959293,12,3053234,3092302,1.772,C:\Users\Brian Leap\Documents\Brian\Projects CS\AvianAura\SegmentedData\unknown\song\MagpieRecord_959293_seg012.wav
XENO,MagpieRecord_959293,13,3209650,3235662,1.18,C:\Users\Brian Leap\Documents\Brian\Projects CS\AvianAura\SegmentedData\unknown\song\MagpieRecord_959293_seg013.wav
XENO,MagpieRecord_1050077,1,434,92238,4.163,C:\Users\Brian Leap\Documents\Brian\Projects CS\AvianAura\SegmentedData\urban\call\MagpieRecord_1050077_seg001.wav
XENO,MagpieRecord_1050077,2,150706,184142,1.516,C:\Users\Brian Leap\Documents\Brian\Projects CS\AvianAura\SegmentedData\urban\call\MagpieRecord_1050077_seg002.wav
XENO,MagpieRecord_1050077,3,410802,431950,0.959,C:\Users\Brian Leap\Documents\Brian\Projects CS\AvianAura\SegmentedData\urban\call\MagpieRecord_1050077_seg003.wav
XENO,MagpieRecord_1062641,1,76978,120654,1.981,C:\Users\Brian Leap\Documents\Brian\Projects CS\AvianAura\SegmentedData\urban\call\MagpieRecord_1062641_seg001.wav
XENO,MagpieRecord_172265,1,58290,132174,3.351,C:\Users\Brian Leap\Documents\Brian\Projects CS\AvianAura\SegmentedData\urban\call\MagpieRecord_172265_seg001.wav
XENO,MagpieRecord_172265,2,159666,188238,1.296,C:\Users\Brian Leap\Documents\Brian\Projects CS\AvianAura\SegmentedData\urban\call\MagpieRecord_172265_seg002.wav
XENO,MagpieRecord_172265,3,211122,294478,3.78,C:\Users\Brian Leap\Documents\Brian\Projects CS\AvianAura\SegmentedData\urban\call\MagpieRecord_172265_seg003.wav
XENO,MagpieRecord_172265,4,525234,555086,1.354,C:\Users\Brian Leap\Documents\Brian\Projects CS\AvianAura\SegmentedData\urban\call\MagpieRecord_172265_seg004.wav
XENO,MagpieRecord_172265,5,762290,798286,1.632,C:\Users\Brian Leap\Documents\Brian\Projects CS\AvianAura\SegmentedData\urban\call\MagpieRecord_172265_seg005.wav
XENO,MagpieRecord_174168,1,299186,349262,2.271,C:\Users\Brian Leap\Documents\Brian\Projects CS\AvianAura\SegmentedData\urban\call\MagpieRecord_174168_seg001.wav
XENO,MagpieRecord_306950,1,57010,76878,0.901,C:\Users\Brian Leap\Documents\Brian\Projects CS\AvianAura\SegmentedData\urban\call\MagpieRecord_306950_seg001.wav
XENO,MagpieRecord_327492,1,690,23630,1.04,C:\Users\Brian Leap\Documents\Brian\Projects CS\AvianAura\SegmentedData\urban\call\MagpieRecord_327492_seg001.wav
XENO,MagpieRecord_327492,2,295346,317440,1.002,C:\Users\Brian Leap\Documents\Brian\Projects CS\AvianAura\SegmentedData\urban\call\MagpieRecord_327492_seg002.wav
XENO,MagpieRecord_372346,1,291506,314958,1.064,C:\Users\Brian Leap\Documents\Brian\Projects CS\AvianAura\SegmentedData\urban\call\MagpieRecord_372346_seg001.wav
XENO,MagpieRecord_372346,2,344242,364110,0.901,C:\Users\Brian Leap\Documents\Brian\Projects CS\AvianAura\SegmentedData\urban\call\MagpieRecord_372346_seg002.wav
XENO,MagpieRecord_372346,3,423090,450382,1.238,C:\Users\Brian Leap\Documents\Brian\Projects CS\AvianAura\SegmentedData\urban\call\MagpieRecord_372346_seg003.wav
XENO,MagpieRecord_372346,4,526258,556110,1.354,C:\Users\Brian Leap\Documents\Brian\Projects CS\AvianAura\SegmentedData\urban\call\MagpieRecord_372346_seg004.wav
XENO,MagpieRecord_372346,5,584626,615502,1.4,C:\Users\Brian Leap\Documents\Brian\Projects CS\AvianAura\SegmentedData\urban\call\MagpieRecord_372346_seg005.wav
XENO,MagpieRecord_372346,6,2091698,2121806,1.365,C:\Users\Brian Leap\Documents\Brian\Projects CS\AvianAura\SegmentedData\urban\call\MagpieRecord_372346_seg006.wav
XENO,MagpieRecord_500508,1,42674,70478,1.261,C:\Users\Brian Leap\Documents\Brian\Projects CS\AvianAura\SegmentedData\urban\call\MagpieRecord_500508_seg001.wav
XENO,MagpieRecord_500508,2,122034,169038,2.132,C:\Users\Brian Leap\Documents\Brian\Projects CS\AvianAura\SegmentedData\urban\call\MagpieRecord_500508_seg002.wav
XENO,MagpieRecord_500508,3,260530,282702,1.006,C:\Users\Brian Leap\Documents\Brian\Projects CS\AvianAura\SegmentedData\urban\call\MagpieRecord_500508_seg003.wav
XENO,MagpieRecord_500508,4,386482,406350,0.901,C:\Users\Brian Leap\Documents\Brian\Projects CS\AvianAura\SegmentedData\urban\call\MagpieRecord_500508_seg004.wav
XENO,MagpieRecord_500508,5,451506,474190,1.029,C:\Users\Brian Leap\Documents\Brian\Projects CS\AvianAura\SegmentedData\urban\call\MagpieRecord_500508_seg005.wav
XENO,MagpieRecord_500508,6,488882,527950,1.772,C:\Users\Brian Leap\Documents\Brian\Projects CS\AvianAura\SegmentedData\urban\call\MagpieRecord_500508_seg006.wav
XENO,MagpieRecord_564335,1,28082,47950,0.901,C:\Users\Brian Leap\Documents\Brian\Projects CS\AvianAura\SegmentedData\urban\call\MagpieRecord_564335_seg001.wav
XENO,MagpieRecord_564335,2,194994,213326,0.831,C:\Users\Brian Leap\Documents\Brian\Projects CS\AvianAura\SegmentedData\urban\call\MagpieRecord_564335_seg002.wav
XENO,MagpieRecord_564335,3,430514,448334,0.808,C:\Users\Brian Leap\Documents\Brian\Projects CS\AvianAura\SegmentedData\urban\call\MagpieRecord_564335_seg003.wav
XENO,MagpieRecord_564335,4,607154,624974,0.808,C:\Users\Brian Leap\Documents\Brian\Projects CS\AvianAura\SegmentedData\urban\call\MagpieRecord_564335_seg004.wav
XENO,MagpieRecord_564335,5,986290,1006670,0.924,C:\Users\Brian Leap\Documents\Brian\Projects CS\AvianAura\SegmentedData\urban\call\MagpieRecord_564335_seg005.wav
XENO,MagpieRecord_564335,6,1659826,1677646,0.808,C:\Users\Brian Leap\Documents\Brian\Projects CS\AvianAura\SegmentedData\urban\call\MagpieRecord_564335_seg006.wav
XENO,MagpieRecord_565890,1,28594,63566,1.586,C:\Users\Brian Leap\Documents\Brian\Projects CS\AvianAura\SegmentedData\urban\call\MagpieRecord_565890_seg001.wav
XENO,MagpieRecord_580373,1,0,52302,2.372,C:\Users\Brian Leap\Documents\Brian\Projects CS\AvianAura\SegmentedData\urban\call\MagpieRecord_580373_seg001.wav
XENO,MagpieRecord_580373,2,507570,572750,2.956,C:\Users\Brian Leap\Documents\Brian\Projects CS\AvianAura\SegmentedData\urban\call\MagpieRecord_580373_seg002.wav
XENO,MagpieRecord_580373,3,883634,915790,1.458,C:\Users\Brian Leap\Documents\Brian\Projects CS\AvianAura\SegmentedData\urban\call\MagpieRecord_580373_seg003.wav
XENO,MagpieRecord_580379,1,243634,300878,2.596,C:\Users\Brian Leap\Documents\Brian\Projects CS\AvianAura\SegmentedData\urban\call\MagpieRecord_580379_seg001.wav
XENO,MagpieRecord_580379,2,363698,400206,1.656,C:\Users\Brian Leap\Documents\Brian\Projects CS\AvianAura\SegmentedData\urban\call\MagpieRecord_580379_seg002.wav
XENO,MagpieRecord_580379,3,578482,605774,1.238,C:\Users\Brian Leap\Documents\Brian\Projects CS\AvianAura\SegmentedData\urban\call\MagpieRecord_580379_seg003.wav
XENO,MagpieRecord_589240,1,119986,143694,1.075,C:\Users\Brian Leap\Documents\Brian\Projects CS\AvianAura\SegmentedData\urban\call\MagpieRecord_589240_seg001.wav
XENO,MagpieRecord_589240,2,172466,192590,0.913,C:\Users\Brian Leap\Documents\Brian\Projects CS\AvianAura\SegmentedData\urban\call\MagpieRecord_589240_seg002.wav
XENO,MagpieRecord_589240,3,222898,244302,0.971,C:\Users\Brian Leap\Documents\Brian\Projects CS\AvianAura\SegmentedData\urban\call\MagpieRecord_589240_seg003.wav
XENO,MagpieRecord_589240,4,345010,367950,1.04,C:\Users\Brian Leap\Documents\Brian\Projects CS\AvianAura\SegmentedData\urban\call\MagpieRecord_589240_seg004.wav
XENO,MagpieRecord_589240,5,526514,545614,0.866,C:\Users\Brian Leap\Documents\Brian\Projects CS\AvianAura\SegmentedData\urban\call\MagpieRecord_589240_seg005.wav
XENO,MagpieRecord_589240,6,594610,614478,0.901,C:\Users\Brian Leap\Documents\Brian\Projects CS\AvianAura\SegmentedData\urban\call\MagpieRecord_589240_seg006.wav
XENO,MagpieRecord_826873,1,3762,68942,2.956,C:\Users\Brian Leap\Documents\Brian\Projects CS\AvianAura\SegmentedData\urban\call\MagpieRecord_826873_seg001.wav
XENO,MagpieRecord_826873,2,231858,274766,1.946,C:\Users\Brian Leap\Documents\Brian\Projects CS\AvianAura\SegmentedData\urban\call\MagpieRecord_826873_seg002.wav
XENO,MagpieRecord_675712,1,185778,210510,1.122,C:\Users\Brian Leap\Documents\Brian\Projects CS\AvianAura\SegmentedData\urban\other\MagpieRecord_675712_seg001.wav
XENO,MagpieRecord_675712,2,456882,488526,1.435,C:\Users\Brian Leap\Documents\Brian\Projects CS\AvianAura\SegmentedData\urban\other\MagpieRecord_675712_seg002.wav
XENO,MagpieRecord_675712,3,754866,777294,1.017,C:\Users\Brian Leap\Documents\Brian\Projects CS\AvianAura\SegmentedData\urban\other\MagpieRecord_675712_seg003.wav
XENO,MagpieRecord_675712,4,1028274,1050702,1.017,C:\Users\Brian Leap\Documents\Brian\Projects CS\AvianAura\SegmentedData\urban\other\MagpieRecord_675712_seg004.wav
XENO,MagpieRecord_675712,5,1320370,1362510,1.911,C:\Users\Brian Leap\Documents\Brian\Projects CS\AvianAura\SegmentedData\urban\other\MagpieRecord_675712_seg005.wav
XENO,MagpieRecord_934083,1,0,25166,1.141,C:\Users\Brian Leap\Documents\Brian\Projects CS\AvianAura\SegmentedData\urban\other\MagpieRecord_934083_seg001.wav
XENO,MagpieRecord_934083,2,454322,525134,3.211,C:\Users\Brian Leap\Documents\Brian\Projects CS\AvianAura\SegmentedData\urban\other\MagpieRecord_934083_seg002.wav
XENO,MagpieRecord_934083,3,879282,941134,2.805,C:\Users\Brian Leap\Documents\Brian\Projects CS\AvianAura\SegmentedData\urban\other\MagpieRecord_934083_seg003.wav
XENO,MagpieRecord_934083,4,2181298,2243072,2.802,C:\Users\Brian Leap\Documents\Brian\Projects CS\AvianAura\SegmentedData\urban\other\MagpieRecord_934083_seg004.wav
XENO,MagpieRecord_1008335,1,15282,41550,1.191,C:\Users\Brian Leap\Documents\Brian\Projects CS\AvianAura\SegmentedData\urban\song\MagpieRecord_1008335_seg001.wav
XENO,MagpieRecord_1008335,2,191666,214350,1.029,C:\Users\Brian Leap\Documents\Brian\Projects CS\AvianAura\SegmentedData\urban\song\MagpieRecord_1008335_seg002.wav
XENO,MagpieRecord_1008335,3,265394,285006,0.889,C:\Users\Brian Leap\Documents\Brian\Projects CS\AvianAura\SegmentedData\urban\song\MagpieRecord_1008335_seg003.wav
XENO,MagpieRecord_1017328,1,20146,74318,2.457,C:\Users\Brian Leap\Documents\Brian\Projects CS\AvianAura\SegmentedData\urban\song\MagpieRecord_1017328_seg001.wav
XENO,MagpieRecord_1017328,2,92082,122446,1.377,C:\Users\Brian Leap\Documents\Brian\Projects CS\AvianAura\SegmentedData\urban\song\MagpieRecord_1017328_seg002.wav
XENO,MagpieRecord_1017328,3,178098,195918,0.808,C:\Users\Brian Leap\Documents\Brian\Projects CS\AvianAura\SegmentedData\urban\song\MagpieRecord_1017328_seg003.wav
XENO,MagpieRecord_1017328,4,209842,325454,5.243,C:\Users\Brian Leap\Documents\Brian\Projects CS\AvianAura\SegmentedData\urban\song\MagpieRecord_1017328_seg004.wav
XENO,MagpieRecord_1017328,5,497586,562510,2.944,C:\Users\Brian Leap\Documents\Brian\Projects CS\AvianAura\SegmentedData\urban\song\MagpieRecord_1017328_seg005.wav
XENO,MagpieRecord_1017328,6,734130,752462,0.831,C:\Users\Brian Leap\Documents\Brian\Projects CS\AvianAura\SegmentedData\urban\song\MagpieRecord_1017328_seg006.wav
XENO,MagpieRecord_1017328,7,854706,944718,4.082,C:\Users\Brian Leap\Documents\Brian\Projects CS\AvianAura\SegmentedData\urban\song\MagpieRecord_1017328_seg007.wav
XENO,MagpieRecord_1017328,8,1053362,1119822,3.014,C:\Users\Brian Leap\Documents\Brian\Projects CS\AvianAura\SegmentedData\urban\song\MagpieRecord_1017328_seg008.wav
XENO,MagpieRecord_1017328,9,1313202,1333326,0.913,C:\Users\Brian Leap\Documents\Brian\Projects CS\AvianAura\SegmentedData\urban\song\MagpieRecord_1017328_seg009.wav
XENO,MagpieRecord_1041375,1,25522,103502,3.537,C:\Users\Brian Leap\Documents\Brian\Projects CS\AvianAura\SegmentedData\urban\song\MagpieRecord_1041375_seg001.wav
XENO,MagpieRecord_1041375,2,172722,213582,1.853,C:\Users\Brian Leap\Documents\Brian\Projects CS\AvianAura\SegmentedData\urban\song\MagpieRecord_1041375_seg002.wav
XENO,MagpieRecord_1041375,3,361650,388174,1.203,C:\Users\Brian Leap\Documents\Brian\Projects CS\AvianAura\SegmentedData\urban\song\MagpieRecord_1041375_seg003.wav
XENO,MagpieRecord_1041382,1,54962,89422,1.563,C:\Users\Brian Leap\Documents\Brian\Projects CS\AvianAura\SegmentedData\urban\song\MagpieRecord_1041382_seg001.wav
XENO,MagpieRecord_1045893,1,58034,102734,2.027,C:\Users\Brian Leap\Documents\Brian\Projects CS\AvianAura\SegmentedData\urban\song\MagpieRecord_1045893_seg001.wav
XENO,MagpieRecord_1045893,2,285874,348494,2.84,C:\Users\Brian Leap\Documents\Brian\Projects CS\AvianAura\SegmentedData\urban\song\MagpieRecord_1045893_seg002.wav
XENO,MagpieRecord_1045893,3,490418,545102,2.48,C:\Users\Brian Leap\Documents\Brian\Projects CS\AvianAura\SegmentedData\urban\song\MagpieRecord_1045893_seg003.wav
XENO,MagpieRecord_1045893,4,960690,1020238,2.701,C:\Users\Brian Leap\Documents\Brian\Projects CS\AvianAura\SegmentedData\urban\song\MagpieRecord_1045893_seg004.wav
XENO,MagpieRecord_1045893,5,1571250,1620558,2.236,C:\Users\Brian Leap\Documents\Brian\Projects CS\AvianAura\SegmentedData\urban\song\MagpieRecord_1045893_seg005.wav
XENO,MagpieRecord_1045893,6,2180786,2224206,1.969,C:\Users\Brian Leap\Documents\Brian\Projects CS\AvianAura\SegmentedData\urban\song\MagpieRecord_1045893_seg006.wav
XENO,MagpieRecord_1045893,7,2455474,2498382,1.946,C:\Users\Brian Leap\Documents\Brian\Projects CS\AvianAura\SegmentedData\urban\song\MagpieRecord_1045893_seg007.wav
XENO,MagpieRecord_1045893,8,2676402,2697294,0.947,C:\Users\Brian Leap\Documents\Brian\Projects CS\AvianAura\SegmentedData\urban\song\MagpieRecord_1045893_seg008.wav
XENO,MagpieRecord_1045893,9,3234482,3281486,2.132,C:\Users\Brian Leap\Documents\Brian\Projects CS\AvianAura\SegmentedData\urban\song\MagpieRecord_1045893_seg009.wav
XENO,MagpieRecord_1045893,10,3585714,3655246,3.153,C:\Users\Brian Leap\Documents\Brian\Projects CS\AvianAura\SegmentedData\urban\song\MagpieRecord_1045893_seg010.wav
XENO,MagpieRecord_105995,1,91058,123982,1.493,C:\Users\Brian Leap\Documents\Brian\Projects CS\AvianAura\SegmentedData\urban\song\MagpieRecord_105995_seg001.wav
XENO,MagpieRecord_1069711,1,0,64334,2.918,C:\Users\Brian Leap\Documents\Brian\Projects CS\AvianAura\SegmentedData\urban\song\MagpieRecord_1069711_seg001.wav
XENO,MagpieRecord_1069711,2,121010,172878,2.352,C:\Users\Brian Leap\Documents\Brian\Projects CS\AvianAura\SegmentedData\urban\song\MagpieRecord_1069711_seg002.wav
XENO,MagpieRecord_1069711,3,201650,226126,1.11,C:\Users\Brian Leap\Documents\Brian\Projects CS\AvianAura\SegmentedData\urban\song\MagpieRecord_1069711_seg003.wav
XENO,MagpieRecord_1069711,4,873138,939008,2.987,C:\Users\Brian Leap\Documents\Brian\Projects CS\AvianAura\SegmentedData\urban\song\MagpieRecord_1069711_seg004.wav
XENO,MagpieRecord_1073083,1,3762,64590,2.759,C:\Users\Brian Leap\Documents\Brian\Projects CS\AvianAura\SegmentedData\urban\song\MagpieRecord_1073083_seg001.wav
XENO,MagpieRecord_1073083,2,553138,613888,2.755,C:\Users\Brian Leap\Documents\Brian\Projects CS\AvianAura\SegmentedData\urban\song\MagpieRecord_1073083_seg002.wav
XENO,MagpieRecord_1138305,1,148914,218446,3.153,C:\Users\Brian Leap\Documents\Brian\Projects CS\AvianAura\SegmentedData\urban\song\MagpieRecord_1138305_seg001.wav
XENO,MagpieRecord_1138305,2,351154,388686,1.702,C:\Users\Brian Leap\Documents\Brian\Projects CS\AvianAura\SegmentedData\urban\song\MagpieRecord_1138305_seg002.wav
XENO,MagpieRecord_1138305,3,536242,560718,1.11,C:\Users\Brian Leap\Documents\Brian\Projects CS\AvianAura\SegmentedData\urban\song\MagpieRecord_1138305_seg003.wav
XENO,MagpieRecord_1138305,4,586418,615758,1.331,C:\Users\Brian Leap\Documents\Brian\Projects CS\AvianAura\SegmentedData\urban\song\MagpieRecord_1138305_seg004.wav
XENO,MagpieRecord_1138305,5,633778,667214,1.516,C:\Users\Brian Leap\Documents\Brian\Projects CS\AvianAura\SegmentedData\urban\song\MagpieRecord_1138305_seg005.wav
XENO,MagpieRecord_1138305,6,721330,776014,2.48,C:\Users\Brian Leap\Documents\Brian\Projects CS\AvianAura\SegmentedData\urban\song\MagpieRecord_1138305_seg006.wav
XENO,MagpieRecord_1138305,7,1061042,1101646,1.841,C:\Users\Brian Leap\Documents\Brian\Projects CS\AvianAura\SegmentedData\urban\song\MagpieRecord_1138305_seg007.wav
XENO,MagpieRecord_155127,1,76210,111694,1.609,C:\Users\Brian Leap\Documents\Brian\Projects CS\AvianAura\SegmentedData\urban\song\MagpieRecord_155127_seg001.wav
XENO,MagpieRecord_155127,2,323506,403534,3.629,C:\Users\Brian Leap\Documents\Brian\Projects CS\AvianAura\SegmentedData\urban\song\MagpieRecord_155127_seg002.wav
XENO,MagpieRecord_155127,3,419250,454734,1.609,C:\Users\Brian Leap\Documents\Brian\Projects CS\AvianAura\SegmentedData\urban\song\MagpieRecord_155127_seg003.wav
XENO,MagpieRecord_155127,4,635314,691022,2.526,C:\Users\Brian Leap\Documents\Brian\Projects CS\AvianAura\SegmentedData\urban\song\MagpieRecord_155127_seg004.wav
XENO,MagpieRecord_155127,5,1056178,1101902,2.074,C:\Users\Brian Leap\Documents\Brian\Projects CS\AvianAura\SegmentedData\urban\song\MagpieRecord_155127_seg005.wav
XENO,MagpieRecord_155127,6,1129138,1160526,1.423,C:\Users\Brian Leap\Documents\Brian\Projects CS\AvianAura\SegmentedData\urban\song\MagpieRecord_155127_seg006.wav
XENO,MagpieRecord_155127,7,1180338,1220608,1.826,C:\Users\Brian Leap\Documents\Brian\Projects CS\AvianAura\SegmentedData\urban\song\MagpieRecord_155127_seg007.wav
XENO,MagpieRecord_157485,1,26034,43854,0.808,C:\Users\Brian Leap\Documents\Brian\Projects CS\AvianAura\SegmentedData\urban\song\MagpieRecord_157485_seg001.wav
XENO,MagpieRecord_157485,2,180146,235854,2.526,C:\Users\Brian Leap\Documents\Brian\Projects CS\AvianAura\SegmentedData\urban\song\MagpieRecord_157485_seg002.wav
XENO,MagpieRecord_157485,3,465330,486222,0.947,C:\Users\Brian Leap\Documents\Brian\Projects CS\AvianAura\SegmentedData\urban\song\MagpieRecord_157485_seg003.wav
XENO,MagpieRecord_157485,4,1031858,1087822,2.538,C:\Users\Brian Leap\Documents\Brian\Projects CS\AvianAura\SegmentedData\urban\song\MagpieRecord_157485_seg004.wav
XENO,MagpieRecord_171918,1,69554,140110,3.2,C:\Users\Brian Leap\Documents\Brian\Projects CS\AvianAura\SegmentedData\urban\song\MagpieRecord_171918_seg001.wav
XENO,MagpieRecord_171918,2,372402,409166,1.667,C:\Users\Brian Leap\Documents\Brian\Projects CS\AvianAura\SegmentedData\urban\song\MagpieRecord_171918_seg002.wav
XENO,MagpieRecord_171918,3,682418,738126,2.526,C:\Users\Brian Leap\Documents\Brian\Projects CS\AvianAura\SegmentedData\urban\song\MagpieRecord_171918_seg003.wav
XENO,MagpieRecord_171919,1,58802,80206,0.971,C:\Users\Brian Leap\Documents\Brian\Projects CS\AvianAura\SegmentedData\urban\song\MagpieRecord_171919_seg001.wav
XENO,MagpieRecord_218068,1,16306,43342,1.226,C:\Users\Brian Leap\Documents\Brian\Projects CS\AvianAura\SegmentedData\urban\song\MagpieRecord_218068_seg001.wav
XENO,MagpieRecord_269668,1,0,47182,2.14,C:\Users\Brian Leap\Documents\Brian\Projects CS\AvianAura\SegmentedData\urban\song\MagpieRecord_269668_seg001.wav
XENO,MagpieRecord_269668,2,89778,109134,0.878,C:\Users\Brian Leap\Documents\Brian\Projects CS\AvianAura\SegmentedData\urban\song\MagpieRecord_269668_seg002.wav
XENO,MagpieRecord_269668,3,984242,1026894,1.934,C:\Users\Brian Leap\Documents\Brian\Projects CS\AvianAura\SegmentedData\urban\song\MagpieRecord_269668_seg003.wav
XENO,MagpieRecord_269695,1,96178,125518,1.331,C:\Users\Brian Leap\Documents\Brian\Projects CS\AvianAura\SegmentedData\urban\song\MagpieRecord_269695_seg001.wav
XENO,MagpieRecord_269695,2,484786,521294,1.656,C:\Users\Brian Leap\Documents\Brian\Projects CS\AvianAura\SegmentedData\urban\song\MagpieRecord_269695_seg002.wav
XENO,MagpieRecord_269695,3,561330,586062,1.122,C:\Users\Brian Leap\Documents\Brian\Projects CS\AvianAura\SegmentedData\urban\song\MagpieRecord_269695_seg003.wav
XENO,MagpieRecord_269695,4,798386,843086,2.027,C:\Users\Brian Leap\Documents\Brian\Projects CS\AvianAura\SegmentedData\urban\song\MagpieRecord_269695_seg004.wav
XENO,MagpieRecord_269695,5,1109938,1158990,2.225,C:\Users\Brian Leap\Documents\Brian\Projects CS\AvianAura\SegmentedData\urban\song\MagpieRecord_269695_seg005.wav
XENO,MagpieRecord_310808,1,104370,147022,1.934,C:\Users\Brian Leap\Documents\Brian\Projects CS\AvianAura\SegmentedData\urban\song\MagpieRecord_310808_seg001.wav
XENO,MagpieRecord_383930,1,0,61006,2.767,C:\Users\Brian Leap\Documents\Brian\Projects CS\AvianAura\SegmentedData\urban\song\MagpieRecord_383930_seg001.wav
XENO,MagpieRecord_383930,2,314546,333390,0.855,C:\Users\Brian Leap\Documents\Brian\Projects CS\AvianAura\SegmentedData\urban\song\MagpieRecord_383930_seg002.wav
XENO,MagpieRecord_383930,3,581554,641614,2.724,C:\Users\Brian Leap\Documents\Brian\Projects CS\AvianAura\SegmentedData\urban\song\MagpieRecord_383930_seg003.wav
XENO,MagpieRecord_383930,4,810674,870990,2.735,C:\Users\Brian Leap\Documents\Brian\Projects CS\AvianAura\SegmentedData\urban\song\MagpieRecord_383930_seg004.wav
XENO,MagpieRecord_383930,5,1116594,1155150,1.749,C:\Users\Brian Leap\Documents\Brian\Projects CS\AvianAura\SegmentedData\urban\song\MagpieRecord_383930_seg005.wav
XENO,MagpieRecord_488921,1,86450,132430,2.085,C:\Users\Brian Leap\Documents\Brian\Projects CS\AvianAura\SegmentedData\urban\song\MagpieRecord_488921_seg001.wav
XENO,MagpieRecord_488921,2,197554,241998,2.016,C:\Users\Brian Leap\Documents\Brian\Projects CS\AvianAura\SegmentedData\urban\song\MagpieRecord_488921_seg002.wav
XENO,MagpieRecord_488921,3,280754,337230,2.561,C:\Users\Brian Leap\Documents\Brian\Projects CS\AvianAura\SegmentedData\urban\song\MagpieRecord_488921_seg003.wav
XENO,MagpieRecord_488921,4,473522,526670,2.41,C:\Users\Brian Leap\Documents\Brian\Projects CS\AvianAura\SegmentedData\urban\song\MagpieRecord_488921_seg004.wav
XENO,MagpieRecord_488921,5,665778,720718,2.492,C:\Users\Brian Leap\Documents\Brian\Projects CS\AvianAura\SegmentedData\urban\song\MagpieRecord_488921_seg005.wav
XENO,MagpieRecord_488921,6,738994,770126,1.412,C:\Users\Brian Leap\Documents\Brian\Projects CS\AvianAura\SegmentedData\urban\song\MagpieRecord_488921_seg006.wav
XENO,MagpieRecord_488921,7,1028786,1056078,1.238,C:\Users\Brian Leap\Documents\Brian\Projects CS\AvianAura\SegmentedData\urban\song\MagpieRecord_488921_seg007.wav
XENO,MagpieRecord_488921,8,1089970,1109070,0.866,C:\Users\Brian Leap\Documents\Brian\Projects CS\AvianAura\SegmentedData\urban\song\MagpieRecord_488921_seg008.wav
XENO,MagpieRecord_488921,9,1164210,1211982,2.167,C:\Users\Brian Leap\Documents\Brian\Projects CS\AvianAura\SegmentedData\urban\song\MagpieRecord_488921_seg009.wav
XENO,MagpieRecord_488921,10,1346994,1391694,2.027,C:\Users\Brian Leap\Documents\Brian\Projects CS\AvianAura\SegmentedData\urban\song\MagpieRecord_488921_seg010.wav
XENO,MagpieRecord_488921,11,1559218,1596238,1.679,C:\Users\Brian Leap\Documents\Brian\Projects CS\AvianAura\SegmentedData\urban\song\MagpieRecord_488921_seg011.wav
XENO,MagpieRecord_488921,12,1747378,1809486,2.817,C:\Users\Brian Leap\Documents\Brian\Projects CS\AvianAura\SegmentedData\urban\song\MagpieRecord_488921_seg012.wav
XENO,MagpieRecord_488921,13,1971634,2013774,1.911,C:\Users\Brian Leap\Documents\Brian\Projects CS\AvianAura\SegmentedData\urban\song\MagpieRecord_488921_seg013.wav
XENO,MagpieRecord_488921,14,2060722,2104910,2.004,C:\Users\Brian Leap\Documents\Brian\Projects CS\AvianAura\SegmentedData\urban\song\MagpieRecord_488921_seg014.wav
XENO,MagpieRecord_488921,15,2169266,2227278,2.631,C:\Users\Brian Leap\Documents\Brian\Projects CS\AvianAura\SegmentedData\urban\song\MagpieRecord_488921_seg015.wav
XENO,MagpieRecord_488921,16,2314418,2376782,2.828,C:\Users\Brian Leap\Documents\Brian\Projects CS\AvianAura\SegmentedData\urban\song\MagpieRecord_488921_seg016.wav
XENO,MagpieRecord_488921,17,2497714,2558798,2.77,C:\Users\Brian Leap\Documents\Brian\Projects CS\AvianAura\SegmentedData\urban\song\MagpieRecord_488921_seg017.wav
XENO,MagpieRecord_488921,18,2753458,2799950,2.108,C:\Users\Brian Leap\Documents\Brian\Projects CS\AvianAura\SegmentedData\urban\song\MagpieRecord_488921_seg018.wav
XENO,MagpieRecord_488921,19,2882994,2900814,0.808,C:\Users\Brian Leap\Documents\Brian\Projects CS\AvianAura\SegmentedData\urban\song\MagpieRecord_488921_seg019.wav
XENO,MagpieRecord_488921,20,3023026,3065678,1.934,C:\Users\Brian Leap\Documents\Brian\Projects CS\AvianAura\SegmentedData\urban\song\MagpieRecord_488921_seg020.wav
XENO,MagpieRecord_488921,21,3199922,3252046,2.364,C:\Users\Brian Leap\Documents\Brian\Projects CS\AvianAura\SegmentedData\urban\song\MagpieRecord_488921_seg021.wav
XENO,MagpieRecord_488921,22,3284146,3328590,2.016,C:\Users\Brian Leap\Documents\Brian\Projects CS\AvianAura\SegmentedData\urban\song\MagpieRecord_488921_seg022.wav
XENO,MagpieRecord_488921,23,3389874,3446606,2.573,C:\Users\Brian Leap\Documents\Brian\Projects CS\AvianAura\SegmentedData\urban\song\MagpieRecord_488921_seg023.wav
XENO,MagpieRecord_488921,24,3522738,3612494,4.071,C:\Users\Brian Leap\Documents\Brian\Projects CS\AvianAura\SegmentedData\urban\song\MagpieRecord_488921_seg024.wav
XENO,MagpieRecord_488921,25,3793074,3819342,1.191,C:\Users\Brian Leap\Documents\Brian\Projects CS\AvianAura\SegmentedData\urban\song\MagpieRecord_488921_seg025.wav
XENO,MagpieRecord_488921,26,3946162,4007246,2.77,C:\Users\Brian Leap\Documents\Brian\Projects CS\AvianAura\SegmentedData\urban\song\MagpieRecord_488921_seg026.wav
XENO,MagpieRecord_488921,27,4064434,4108622,2.004,C:\Users\Brian Leap\Documents\Brian\Projects CS\AvianAura\SegmentedData\urban\song\MagpieRecord_488921_seg027.wav
XENO,MagpieRecord_488921,28,4150194,4196686,2.108,C:\Users\Brian Leap\Documents\Brian\Projects CS\AvianAura\SegmentedData\urban\song\MagpieRecord_488921_seg028.wav
XENO,MagpieRecord_488921,29,4327090,4383310,2.55,C:\Users\Brian Leap\Documents\Brian\Projects CS\AvianAura\SegmentedData\urban\song\MagpieRecord_488921_seg029.wav
XENO,MagpieRecord_488921,30,4535986,4603982,3.084,C:\Users\Brian Leap\Documents\Brian\Projects CS\AvianAura\SegmentedData\urban\song\MagpieRecord_488921_seg030.wav
XENO,MagpieRecord_488921,31,4741042,4800334,2.689,C:\Users\Brian Leap\Documents\Brian\Projects CS\AvianAura\SegmentedData\urban\song\MagpieRecord_488921_seg031.wav
XENO,MagpieRecord_488921,32,4933554,4975438,1.9,C:\Users\Brian Leap\Documents\Brian\Projects CS\AvianAura\SegmentedData\urban\song\MagpieRecord_488921_seg032.wav
XENO,MagpieRecord_488921,33,5093810,5155150,2.782,C:\Users\Brian Leap\Documents\Brian\Projects CS\AvianAura\SegmentedData\urban\song\MagpieRecord_488921_seg033.wav
XENO,MagpieRecord_488921,34,5285042,5341518,2.561,C:\Users\Brian Leap\Documents\Brian\Projects CS\AvianAura\SegmentedData\urban\song\MagpieRecord_488921_seg034.wav
XENO,MagpieRecord_488921,35,5440690,5521742,3.676,C:\Users\Brian Leap\Documents\Brian\Projects CS\AvianAura\SegmentedData\urban\song\MagpieRecord_488921_seg035.wav
XENO,MagpieRecord_488921,36,5650098,5683790,1.528,C:\Users\Brian Leap\Documents\Brian\Projects CS\AvianAura\SegmentedData\urban\song\MagpieRecord_488921_seg036.wav
XENO,MagpieRecord_488921,37,5833394,5886976,2.43,C:\Users\Brian Leap\Documents\Brian\Projects CS\AvianAura\SegmentedData\urban\song\MagpieRecord_488921_seg037.wav
XENO,MagpieRecord_496301,1,244402,333902,4.059,C:\Users\Brian Leap\Documents\Brian\Projects CS\AvianAura\SegmentedData\urban\song\MagpieRecord_496301_seg001.wav
XENO,MagpieRecord_496301,2,686514,750926,2.921,C:\Users\Brian Leap\Documents\Brian\Projects CS\AvianAura\SegmentedData\urban\song\MagpieRecord_496301_seg002.wav
XENO,MagpieRecord_496301,3,1333170,1421134,3.989,C:\Users\Brian Leap\Documents\Brian\Projects CS\AvianAura\SegmentedData\urban\song\MagpieRecord_496301_seg003.wav
XENO,MagpieRecord_562781,1,15282,37966,1.029,C:\Users\Brian Leap\Documents\Brian\Projects CS\AvianAura\SegmentedData\urban\song\MagpieRecord_562781_seg001.wav
XENO,MagpieRecord_562781,2,196786,245070,2.19,C:\Users\Brian Leap\Documents\Brian\Projects CS\AvianAura\SegmentedData\urban\song\MagpieRecord_562781_seg002.wav
XENO,MagpieRecord_562781,3,288946,317774,1.307,C:\Users\Brian Leap\Documents\Brian\Projects CS\AvianAura\SegmentedData\urban\song\MagpieRecord_562781_seg003.wav
XENO,MagpieRecord_562781,4,386994,419918,1.493,C:\Users\Brian Leap\Documents\Brian\Projects CS\AvianAura\SegmentedData\urban\song\MagpieRecord_562781_seg004.wav
XENO,MagpieRecord_562781,5,441010,518222,3.502,C:\Users\Brian Leap\Documents\Brian\Projects CS\AvianAura\SegmentedData\urban\song\MagpieRecord_562781_seg005.wav
XENO,MagpieRecord_570404,1,29106,48462,0.878,C:\Users\Brian Leap\Documents\Brian\Projects CS\AvianAura\SegmentedData\urban\song\MagpieRecord_570404_seg001.wav
XENO,MagpieRecord_570697,1,9138,68430,2.689,C:\Users\Brian Leap\Documents\Brian\Projects CS\AvianAura\SegmentedData\urban\song\MagpieRecord_570697_seg001.wav
XENO,MagpieRecord_603194,1,0,49742,2.256,C:\Users\Brian Leap\Documents\Brian\Projects CS\AvianAura\SegmentedData\urban\song\MagpieRecord_603194_seg001.wav
XENO,MagpieRecord_603194,2,276658,327502,2.306,C:\Users\Brian Leap\Documents\Brian\Projects CS\AvianAura\SegmentedData\urban\song\MagpieRecord_603194_seg002.wav
XENO,MagpieRecord_603194,3,509106,566862,2.619,C:\Users\Brian Leap\Documents\Brian\Projects CS\AvianAura\SegmentedData\urban\song\MagpieRecord_603194_seg003.wav
XENO,MagpieRecord_603194,4,779698,830030,2.283,C:\Users\Brian Leap\Documents\Brian\Projects CS\AvianAura\SegmentedData\urban\song\MagpieRecord_603194_seg004.wav
XENO,MagpieRecord_603194,5,1041074,1091406,2.283,C:\Users\Brian Leap\Documents\Brian\Projects CS\AvianAura\SegmentedData\urban\song\MagpieRecord_603194_seg005.wav
XENO,MagpieRecord_603194,6,1294002,1343488,2.244,C:\Users\Brian Leap\Documents\Brian\Projects CS\AvianAura\SegmentedData\urban\song\MagpieRecord_603194_seg006.wav
XENO,MagpieRecord_603298,1,39346,77902,1.749,C:\Users\Brian Leap\Documents\Brian\Projects CS\AvianAura\SegmentedData\urban\song\MagpieRecord_603298_seg001.wav
XENO,MagpieRecord_603298,2,211122,238926,1.261,C:\Users\Brian Leap\Documents\Brian\Projects CS\AvianAura\SegmentedData\urban\song\MagpieRecord_603298_seg002.wav
XENO,MagpieRecord_603298,3,297394,331342,1.54,C:\Users\Brian Leap\Documents\Brian\Projects CS\AvianAura\SegmentedData\urban\song\MagpieRecord_603298_seg003.wav
XENO,MagpieRecord_603298,4,399282,432462,1.505,C:\Users\Brian Leap\Documents\Brian\Projects CS\AvianAura\SegmentedData\urban\song\MagpieRecord_603298_seg004.wav
XENO,MagpieRecord_603298,5,572594,616270,1.981,C:\Users\Brian Leap\Documents\Brian\Projects CS\AvianAura\SegmentedData\urban\song\MagpieRecord_603298_seg005.wav
XENO,MagpieRecord_603298,6,644274,689486,2.05,C:\Users\Brian Leap\Documents\Brian\Projects CS\AvianAura\SegmentedData\urban\song\MagpieRecord_603298_seg006.wav
XENO,MagpieRecord_603298,7,767410,804430,1.679,C:\Users\Brian Leap\Documents\Brian\Projects CS\AvianAura\SegmentedData\urban\song\MagpieRecord_603298_seg007.wav
XENO,MagpieRecord_603298,8,837810,855630,0.808,C:\Users\Brian Leap\Documents\Brian\Projects CS\AvianAura\SegmentedData\urban\song\MagpieRecord_603298_seg008.wav
XENO,MagpieRecord_603298,9,934834,961358,1.203,C:\Users\Brian Leap\Documents\Brian\Projects CS\AvianAura\SegmentedData\urban\song\MagpieRecord_603298_seg009.wav
XENO,MagpieRecord_603298,10,985010,1007694,1.029,C:\Users\Brian Leap\Documents\Brian\Projects CS\AvianAura\SegmentedData\urban\song\MagpieRecord_603298_seg010.wav
XENO,MagpieRecord_603298,11,1030322,1048910,0.843,C:\Users\Brian Leap\Documents\Brian\Projects CS\AvianAura\SegmentedData\urban\song\MagpieRecord_603298_seg011.wav
XENO,MagpieRecord_603298,12,1064882,1083470,0.843,C:\Users\Brian Leap\Documents\Brian\Projects CS\AvianAura\SegmentedData\urban\song\MagpieRecord_603298_seg012.wav
XENO,MagpieRecord_603298,13,1122994,1142606,0.889,C:\Users\Brian Leap\Documents\Brian\Projects CS\AvianAura\SegmentedData\urban\song\MagpieRecord_603298_seg013.wav
XENO,MagpieRecord_603298,14,1165746,1185102,0.878,C:\Users\Brian Leap\Documents\Brian\Projects CS\AvianAura\SegmentedData\urban\song\MagpieRecord_603298_seg014.wav
XENO,MagpieRecord_603298,15,1345714,1378894,1.505,C:\Users\Brian Leap\Documents\Brian\Projects CS\AvianAura\SegmentedData\urban\song\MagpieRecord_603298_seg015.wav
XENO,MagpieRecord_614416,1,160434,189710,1.328,C:\Users\Brian Leap\Documents\Brian\Projects CS\AvianAura\SegmentedData\urban\song\MagpieRecord_614416_seg001.wav
XENO,MagpieRecord_63369,1,6066,29518,1.064,C:\Users\Brian Leap\Documents\Brian\Projects CS\AvianAura\SegmentedData\urban\song\MagpieRecord_63369_seg001.wav
XENO,MagpieRecord_63369,2,214194,243712,1.339,C:\Users\Brian Leap\Documents\Brian\Projects CS\AvianAura\SegmentedData\urban\song\MagpieRecord_63369_seg002.wav
XENO,MagpieRecord_638372,1,45234,64590,0.878,C:\Users\Brian Leap\Documents\Brian\Projects CS\AvianAura\SegmentedData\urban\song\MagpieRecord_638372_seg001.wav
XENO,MagpieRecord_684055,1,123314,141646,0.831,C:\Users\Brian Leap\Documents\Brian\Projects CS\AvianAura\SegmentedData\urban\song\MagpieRecord_684055_seg001.wav
XENO,MagpieRecord_684055,2,166834,186702,0.901,C:\Users\Brian Leap\Documents\Brian\Projects CS\AvianAura\SegmentedData\urban\song\MagpieRecord_684055_seg002.wav
XENO,MagpieRecord_684055,3,440754,459342,0.843,C:\Users\Brian Leap\Documents\Brian\Projects CS\AvianAura\SegmentedData\urban\song\MagpieRecord_684055_seg003.wav
XENO,MagpieRecord_684055,4,532146,553294,0.959,C:\Users\Brian Leap\Documents\Brian\Projects CS\AvianAura\SegmentedData\urban\song\MagpieRecord_684055_seg004.wav
XENO,MagpieRecord_729284,1,154290,191566,1.691,C:\Users\Brian Leap\Documents\Brian\Projects CS\AvianAura\SegmentedData\urban\song\MagpieRecord_729284_seg001.wav
XENO,MagpieRecord_729285,1,0,62798,2.848,C:\Users\Brian Leap\Documents\Brian\Projects CS\AvianAura\SegmentedData\urban\song\MagpieRecord_729285_seg001.wav
XENO,MagpieRecord_729285,2,257458,319822,2.828,C:\Users\Brian Leap\Documents\Brian\Projects CS\AvianAura\SegmentedData\urban\song\MagpieRecord_729285_seg002.wav
XENO,MagpieRecord_729285,3,579250,645710,3.014,C:\Users\Brian Leap\Documents\Brian\Projects CS\AvianAura\SegmentedData\urban\song\MagpieRecord_729285_seg003.wav
XENO,MagpieRecord_729285,4,790706,853838,2.863,C:\Users\Brian Leap\Documents\Brian\Projects CS\AvianAura\SegmentedData\urban\song\MagpieRecord_729285_seg004.wav
XENO,MagpieRecord_729285,5,1017778,1080142,2.828,C:\Users\Brian Leap\Documents\Brian\Projects CS\AvianAura\SegmentedData\urban\song\MagpieRecord_729285_seg005.wav
XENO,MagpieRecord_729285,6,1274290,1334784,2.743,C:\Users\Brian Leap\Documents\Brian\Projects CS\AvianAura\SegmentedData\urban\song\MagpieRecord_729285_seg006.wav
XENO,MagpieRecord_729286,1,175794,195150,0.878,C:\Users\Brian Leap\Documents\Brian\Projects CS\AvianAura\SegmentedData\urban\song\MagpieRecord_729286_seg001.wav
XENO,MagpieRecord_729286,2,271794,302414,1.389,C:\Users\Brian Leap\Documents\Brian\Projects CS\AvianAura\SegmentedData\urban\song\MagpieRecord_729286_seg002.wav
XENO,MagpieRecord_859891,1,1714,19790,0.82,C:\Users\Brian Leap\Documents\Brian\Projects CS\AvianAura\SegmentedData\urban\song\MagpieRecord_859891_seg001.wav
XENO,MagpieRecord_859891,2,163506,183630,0.913,C:\Users\Brian Leap\Documents\Brian\Projects CS\AvianAura\SegmentedData\urban\song\MagpieRecord_859891_seg002.wav
XENO,MagpieRecord_859891,3,608946,628558,0.889,C:\Users\Brian Leap\Documents\Brian\Projects CS\AvianAura\SegmentedData\urban\song\MagpieRecord_859891_seg003.wav
XENO,MagpieRecord_881017,1,22194,41806,0.889,C:\Users\Brian Leap\Documents\Brian\Projects CS\AvianAura\SegmentedData\urban\song\MagpieRecord_881017_seg001.wav
XENO,MagpieRecord_913475,1,2482,46926,2.016,C:\Users\Brian Leap\Documents\Brian\Projects CS\AvianAura\SegmentedData\urban\song\MagpieRecord_913475_seg001.wav
XENO,MagpieRecord_96884,1,41650,67918,1.191,C:\Users\Brian Leap\Documents\Brian\Projects CS\AvianAura\SegmentedData\urban\song\MagpieRecord_96884_seg001.wav
XENO,MagpieRecord_96884,2,363186,390990,1.261,C:\Users\Brian Leap\Documents\Brian\Projects CS\AvianAura\SegmentedData\urban\song\MagpieRecord_96884_seg002.wav
XENO,MagpieRecord_96884,3,529586,556544,1.223,C:\Users\Brian Leap\Documents\Brian\Projects CS\AvianAura\SegmentedData\urban\song\MagpieRecord_96884_seg003.wav
PRIMARY,jewruralcall,1,140466,194048,2.43,C:\Users\Brian Leap\Documents\Brian\Projects CS\AvianAura\SegmentedData\rural\call\PRIMARY_jewruralcall_seg001.wav
PRIMARY,powerpolenetanyahururalcall,1,176562,197454,0.947,C:\Users\Brian Leap\Documents\Brian\Projects CS\AvianAura\SegmentedData\rural\call\PRIMARY_powerpolenetanyahururalcall_seg001.wav
PRIMARY,powerpolenetanyahururalcall,2,325298,349262,1.087,C:\Users\Brian Leap\Documents\Brian\Projects CS\AvianAura\SegmentedData\rural\call\PRIMARY_powerpolenetanyahururalcall_seg002.wav
PRIMARY,powerpolenetanyahururalcall,3,365234,383822,0.843,C:\Users\Brian Leap\Documents\Brian\Projects CS\AvianAura\SegmentedData\rural\call\PRIMARY_powerpolenetanyahururalcall_seg003.wav
PRIMARY,rural call,1,165810,192078,1.191,C:\Users\Brian Leap\Documents\Brian\Projects CS\AvianAura\SegmentedData\rural\call\PRIMARY_rural call_seg001.wav
PRIMARY,yt8mincliptobeseparated,1,690,112718,5.081,C:\Users\Brian Leap\Documents\Brian\Projects CS\AvianAura\SegmentedData\rural\call\PRIMARY_yt8mincliptobeseparated_seg001.wav
PRIMARY,yt8mincliptobeseparated,2,167602,186446,0.855,C:\Users\Brian Leap\Documents\Brian\Projects CS\AvianAura\SegmentedData\rural\call\PRIMARY_yt8mincliptobeseparated_seg002.wav
PRIMARY,yt8mincliptobeseparated,3,296370,314190,0.808,C:\Users\Brian Leap\Documents\Brian\Projects CS\AvianAura\SegmentedData\rural\call\PRIMARY_yt8mincliptobeseparated_seg003.wav
PRIMARY,yt8mincliptobeseparated,4,480434,507470,1.226,C:\Users\Brian Leap\Documents\Brian\Projects CS\AvianAura\SegmentedData\rural\call\PRIMARY_yt8mincliptobeseparated_seg004.wav
PRIMARY,yt8mincliptobeseparated,5,590770,630094,1.783,C:\Users\Brian Leap\Documents\Brian\Projects CS\AvianAura\SegmentedData\rural\call\PRIMARY_yt8mincliptobeseparated_seg005.wav
PRIMARY,yt8mincliptobeseparated,6,1047730,1080654,1.493,C:\Users\Brian Leap\Documents\Brian\Projects CS\AvianAura\SegmentedData\rural\call\PRIMARY_yt8mincliptobeseparated_seg006.wav
PRIMARY,yt8mincliptobeseparated,7,1116082,1161550,2.062,C:\Users\Brian Leap\Documents\Brian\Projects CS\AvianAura\SegmentedData\rural\call\PRIMARY_yt8mincliptobeseparated_seg007.wav
PRIMARY,yt8mincliptobeseparated,8,1453746,1519694,2.991,C:\Users\Brian Leap\Documents\Brian\Projects CS\AvianAura\SegmentedData\rural\call\PRIMARY_yt8mincliptobeseparated_seg008.wav
PRIMARY,yt8mincliptobeseparated,9,1656242,1744206,3.989,C:\Users\Brian Leap\Documents\Brian\Projects CS\AvianAura\SegmentedData\rural\call\PRIMARY_yt8mincliptobeseparated_seg009.wav
PRIMARY,yt8mincliptobeseparated,10,1847986,1869390,0.971,C:\Users\Brian Leap\Documents\Brian\Projects CS\AvianAura\SegmentedData\rural\call\PRIMARY_yt8mincliptobeseparated_seg010.wav
PRIMARY,yt8mincliptobeseparated,11,2743474,2781006,1.702,C:\Users\Brian Leap\Documents\Brian\Projects CS\AvianAura\SegmentedData\rural\call\PRIMARY_yt8mincliptobeseparated_seg011.wav
PRIMARY,yt8mincliptobeseparated,12,3106994,3134542,1.249,C:\Users\Brian Leap\Documents\Brian\Projects CS\AvianAura\SegmentedData\rural\call\PRIMARY_yt8mincliptobeseparated_seg012.wav
PRIMARY,yt8mincliptobeseparated,13,3282098,3437390,7.043,C:\Users\Brian Leap\Documents\Brian\Projects CS\AvianAura\SegmentedData\rural\call\PRIMARY_yt8mincliptobeseparated_seg013.wav
PRIMARY,yt8mincliptobeseparated,14,3560882,3668558,4.883,C:\Users\Brian Leap\Documents\Brian\Projects CS\AvianAura\SegmentedData\rural\call\PRIMARY_yt8mincliptobeseparated_seg014.wav
PRIMARY,yt8mincliptobeseparated,15,3866034,3960910,4.303,C:\Users\Brian Leap\Documents\Brian\Projects CS\AvianAura\SegmentedData\rural\call\PRIMARY_yt8mincliptobeseparated_seg015.wav
PRIMARY,yt8mincliptobeseparated,16,4158898,4254542,4.338,C:\Users\Brian Leap\Documents\Brian\Projects CS\AvianAura\SegmentedData\rural\call\PRIMARY_yt8mincliptobeseparated_seg016.wav
PRIMARY,yt8mincliptobeseparated,17,4403378,4460878,2.608,C:\Users\Brian Leap\Documents\Brian\Projects CS\AvianAura\SegmentedData\rural\call\PRIMARY_yt8mincliptobeseparated_seg017.wav
PRIMARY,yt8mincliptobeseparated,18,4713906,4780622,3.026,C:\Users\Brian Leap\Documents\Brian\Projects CS\AvianAura\SegmentedData\rural\call\PRIMARY_yt8mincliptobeseparated_seg018.wav
PRIMARY,yt8mincliptobeseparated,19,4866226,4925774,2.701,C:\Users\Brian Leap\Documents\Brian\Projects CS\AvianAura\SegmentedData\rural\call\PRIMARY_yt8mincliptobeseparated_seg019.wav
PRIMARY,yt8mincliptobeseparated,20,5150642,5218382,3.072,C:\Users\Brian Leap\Documents\Brian\Projects CS\AvianAura\SegmentedData\rural\call\PRIMARY_yt8mincliptobeseparated_seg020.wav
PRIMARY,yt8mincliptobeseparated,21,5362098,5424974,2.852,C:\Users\Brian Leap\Documents\Brian\Projects CS\AvianAura\SegmentedData\rural\call\PRIMARY_yt8mincliptobeseparated_seg021.wav
PRIMARY,yt8mincliptobeseparated,22,5452466,5597262,6.567,C:\Users\Brian Leap\Documents\Brian\Projects CS\AvianAura\SegmentedData\rural\call\PRIMARY_yt8mincliptobeseparated_seg022.wav
PRIMARY,yt8mincliptobeseparated,23,5619890,5834830,9.748,C:\Users\Brian Leap\Documents\Brian\Projects CS\AvianAura\SegmentedData\rural\call\PRIMARY_yt8mincliptobeseparated_seg023.wav
PRIMARY,yt8mincliptobeseparated,24,5868978,5957966,4.036,C:\Users\Brian Leap\Documents\Brian\Projects CS\AvianAura\SegmentedData\rural\call\PRIMARY_yt8mincliptobeseparated_seg024.wav
PRIMARY,yt8mincliptobeseparated,25,6025138,6077262,2.364,C:\Users\Brian Leap\Documents\Brian\Projects CS\AvianAura\SegmentedData\rural\call\PRIMARY_yt8mincliptobeseparated_seg025.wav
PRIMARY,yt8mincliptobeseparated,26,6319538,6367310,2.167,C:\Users\Brian Leap\Documents\Brian\Projects CS\AvianAura\SegmentedData\rural\call\PRIMARY_yt8mincliptobeseparated_seg026.wav
PRIMARY,yt8mincliptobeseparated,27,6451634,6486094,1.563,C:\Users\Brian Leap\Documents\Brian\Projects CS\AvianAura\SegmentedData\rural\call\PRIMARY_yt8mincliptobeseparated_seg027.wav
PRIMARY,yt8mincliptobeseparated,28,6771890,6832718,2.759,C:\Users\Brian Leap\Documents\Brian\Projects CS\AvianAura\SegmentedData\rural\call\PRIMARY_yt8mincliptobeseparated_seg028.wav
PRIMARY,yt8mincliptobeseparated,29,6882994,7022414,6.323,C:\Users\Brian Leap\Documents\Brian\Projects CS\AvianAura\SegmentedData\rural\call\PRIMARY_yt8mincliptobeseparated_seg029.wav
PRIMARY,yt8mincliptobeseparated,30,7423154,7509326,3.908,C:\Users\Brian Leap\Documents\Brian\Projects CS\AvianAura\SegmentedData\rural\call\PRIMARY_yt8mincliptobeseparated_seg030.wav
PRIMARY,yt8mincliptobeseparated,31,7644594,7752270,4.883,C:\Users\Brian Leap\Documents\Brian\Projects CS\AvianAura\SegmentedData\rural\call\PRIMARY_yt8mincliptobeseparated_seg031.wav
PRIMARY,yt8mincliptobeseparated,32,9084850,9103694,0.855,C:\Users\Brian Leap\Documents\Brian\Projects CS\AvianAura\SegmentedData\rural\call\PRIMARY_yt8mincliptobeseparated_seg032.wav
PRIMARY,yt8mincliptobeseparated,33,9301170,9318990,0.808,C:\Users\Brian Leap\Documents\Brian\Projects CS\AvianAura\SegmentedData\rural\call\PRIMARY_yt8mincliptobeseparated_seg033.wav
PRIMARY,yt8mincliptobeseparated,34,9453234,9471054,0.808,C:\Users\Brian Leap\Documents\Brian\Projects CS\AvianAura\SegmentedData\rural\call\PRIMARY_yt8mincliptobeseparated_seg034.wav
PRIMARY,yt8mincliptobeseparated,35,9519538,9538638,0.866,C:\Users\Brian Leap\Documents\Brian\Projects CS\AvianAura\SegmentedData\rural\call\PRIMARY_yt8mincliptobeseparated_seg035.wav
PRIMARY,yt8mincliptobeseparated,36,9623986,9642318,0.831,C:\Users\Brian Leap\Documents\Brian\Projects CS\AvianAura\SegmentedData\rural\call\PRIMARY_yt8mincliptobeseparated_seg036.wav
PRIMARY,yt8mincliptobeseparated,37,9714866,9733966,0.866,C:\Users\Brian Leap\Documents\Brian\Projects CS\AvianAura\SegmentedData\rural\call\PRIMARY_yt8mincliptobeseparated_seg037.wav
PRIMARY,yt8mincliptobeseparated,38,10418610,10436942,0.831,C:\Users\Brian Leap\Documents\Brian\Projects CS\AvianAura\SegmentedData\rural\call\PRIMARY_yt8mincliptobeseparated_seg038.wav
PRIMARY,yt8mincliptobeseparated,39,10464434,10483022,0.843,C:\Users\Brian Leap\Documents\Brian\Projects CS\AvianAura\SegmentedData\rural\call\PRIMARY_yt8mincliptobeseparated_seg039.wav
PRIMARY,brunswick urban calls good,1,3250,32078,1.307,C:\Users\Brian Leap\Documents\Brian\Projects CS\AvianAura\SegmentedData\urban\call\PRIMARY_brunswick urban calls good_seg001.wav
PRIMARY,brunswick urban calls good,2,65714,101454,1.621,C:\Users\Brian Leap\Documents\Brian\Projects CS\AvianAura\SegmentedData\urban\call\PRIMARY_brunswick urban calls good_seg002.wav
PRIMARY,doncaster calls,1,130738,150862,0.913,C:\Users\Brian Leap\Documents\Brian\Projects CS\AvianAura\SegmentedData\urban\call\PRIMARY_doncaster calls_seg001.wav
PRIMARY,homing11-20(2beseparated),1,55474,90190,1.574,C:\Users\Brian Leap\Documents\Brian\Projects CS\AvianAura\SegmentedData\urban\call\PRIMARY_homing11-20(2beseparated)_seg001.wav
PRIMARY,homing11-20(2beseparated),2,148402,269646,5.499,C:\Users\Brian Leap\Documents\Brian\Projects CS\AvianAura\SegmentedData\urban\call\PRIMARY_homing11-20(2beseparated)_seg002.wav
PRIMARY,homing11-20(2beseparated),3,362930,418894,2.538,C:\Users\Brian Leap\Documents\Brian\Projects CS\AvianAura\SegmentedData\urban\call\PRIMARY_homing11-20(2beseparated)_seg003.wav
PRIMARY,homing11-20(2beseparated),4,508850,541518,1.482,C:\Users\Brian Leap\Documents\Brian\Projects CS\AvianAura\SegmentedData\urban\call\PRIMARY_homing11-20(2beseparated)_seg004.wav
PRIMARY,homing11-20(2beseparated),5,772018,838734,3.026,C:\Users\Brian Leap\Documents\Brian\Projects CS\AvianAura\SegmentedData\urban\call\PRIMARY_homing11-20(2beseparated)_seg005.wav
PRIMARY,homing11-20(2beseparated),6,1014194,1034830,0.936,C:\Users\Brian Leap\Documents\Brian\Projects CS\AvianAura\SegmentedData\urban\call\PRIMARY_homing11-20(2beseparated)_seg006.wav
PRIMARY,homing11-20(2beseparated),7,1126578,1160270,1.528,C:\Users\Brian Leap\Documents\Brian\Projects CS\AvianAura\SegmentedData\urban\call\PRIMARY_homing11-20(2beseparated)_seg007.wav
PRIMARY,homing11-20(2beseparated),8,1276594,1314638,1.725,C:\Users\Brian Leap\Documents\Brian\Projects CS\AvianAura\SegmentedData\urban\call\PRIMARY_homing11-20(2beseparated)_seg008.wav
PRIMARY,homing11-20(2beseparated),9,1362610,1429326,3.026,C:\Users\Brian Leap\Documents\Brian\Projects CS\AvianAura\SegmentedData\urban\call\PRIMARY_homing11-20(2beseparated)_seg009.wav
PRIMARY,urban call 1 ,1,541874,631886,4.082,C:\Users\Brian Leap\Documents\Brian\Projects CS\AvianAura\SegmentedData\urban\call\PRIMARY_urban call 1 _seg001.wav
PRIMARY,homing6,1,60082,82766,1.029,C:\Users\Brian Leap\Documents\Brian\Projects CS\AvianAura\SegmentedData\urban\song\PRIMARY_homing6_seg001.wav
PRIMARY,homing8,1,1202,31566,1.377,C:\Users\Brian Leap\Documents\Brian\Projects CS\AvianAura\SegmentedData\urban\song\PRIMARY_homing8_seg001.wav
PRIMARY,"mono 18, fixed",1,166578,195584,1.315,"C:\Users\Brian Leap\Documents\Brian\Projects CS\AvianAura\SegmentedData\urban\song\PRIMARY_mono 18, fixed_seg001.wav"
PRIMARY,"mono 19, fixed",1,158130,196686,1.749,"C:\Users\Brian Leap\Documents\Brian\Projects CS\AvianAura\SegmentedData\urban\song\PRIMARY_mono 19, fixed_seg001.wav"
PRIMARY,"mono 20, fixed",1,50610,69710,0.866,"C:\Users\Brian Leap\Documents\Brian\Projects CS\AvianAura\SegmentedData\urban\song\PRIMARY_mono 20, fixed_seg001.wav"
PRIMARY,"mono 22, fixed",1,9650,27470,0.808,"C:\Users\Brian Leap\Documents\Brian\Projects CS\AvianAura\SegmentedData\urban\song\PRIMARY_mono 22, fixed_seg001.wav"
PRIMARY,"mono 22, fixed",2,105394,143182,1.714,"C:\Users\Brian Leap\Documents\Brian\Projects CS\AvianAura\SegmentedData\urban\song\PRIMARY_mono 22, fixed_seg002.wav"
PRIMARY,"mono 22, fixed",3,286642,315392,1.304,"C:\Users\Brian Leap\Documents\Brian\Projects CS\AvianAura\SegmentedData\urban\song\PRIMARY_mono 22, fixed_seg003.wav"
PRIMARY,"mono 23, fixed",1,212402,232448,0.909,"C:\Users\Brian Leap\Documents\Brian\Projects CS\AvianAura\SegmentedData\urban\song\PRIMARY_mono 23, fixed_seg001.wav"
PRIMARY,urban song 1,1,144306,184398,1.818,C:\Users\Brian Leap\Documents\Brian\Projects CS\AvianAura\SegmentedData\urban\song\PRIMARY_urban song 1_seg001.wav
PRIMARY,yt urban song 1,1,2994,70734,3.072,C:\Users\Brian Leap\Documents\Brian\Projects CS\AvianAura\SegmentedData\urban\song\PRIMARY_yt urban song 1_seg001.wav
PRIMARY,yt urban song 1,2,174514,192590,0.82,C:\Users\Brian Leap\Documents\Brian\Projects CS\AvianAura\SegmentedData\urban\song\PRIMARY_yt urban song 1_seg002.wav
