epoch,mean_loss,min_loss,max_loss,mean_val_loss,min_val_loss,max_val_loss,mean_recon,min_recon,max_recon,mean_val_recon,min_val_recon,max_val_recon,mean_kl,min_kl,max_kl,mean_val_kl,min_val_kl,max_val_kl
1,22276.0703,19923.3945,26020.6523,12638.313474999999,6480.3115,20033.0938,22276.0703,19923.3945,26020.6523,12638.313474999999,6480.3115,20033.0938,2.7876387602796548e+26,366.2539,1.1150555041118619e+27,21046.324275000003,0.9477,84178.2031
2,nan,nan,nan,nan,nan,nan,7395.565075,4816.4062,9533.6143,11212.69555,5177.4663,18514.0723,nan,nan,nan,nan,nan,nan
3,nan,nan,nan,nan,nan,nan,4302.617975,2541.3804,6090.5923,10436.763299999999,5450.8916,17019.1875,nan,nan,nan,nan,nan,nan
4,nan,nan,nan,nan,nan,nan,3382.4443250000004,1864.8623,4462.5552,9937.693975,5759.2856,15942.9219,nan,nan,nan,nan,nan,nan
5,nan,nan,nan,nan,nan,nan,2958.3566,1576.5084,3763.6592,9395.213749999999,5285.7642,15081.1084,nan,nan,nan,nan,nan,nan
6,nan,nan,nan,nan,nan,nan,2656.491175,1442.1819,3225.2703,9119.017675,4803.1992,14547.5996,nan,nan,nan,nan,nan,nan
7,nan,nan,nan,nan,nan,nan,2472.9646749999997,1356.3357,2919.2485,8631.99085,4303.4795,13926.9434,nan,nan,nan,nan,nan,nan
8,nan,nan,nan,nan,nan,nan,2428.001925,1319.4137,2943.6279,8041.444024999999,4076.3235,13208.6904,nan,nan,nan,nan,nan,nan
9,nan,nan,nan,nan,nan,nan,2284.103875,1219.8401,2726.5051,7485.162425,3711.3958,12805.1592,nan,nan,nan,nan,nan,nan
10,nan,nan,nan,nan,nan,nan,2202.90975,1137.5231,2699.6914,7207.25585,3766.1377,12218.2529,nan,nan,nan,nan,nan,nan
11,nan,nan,nan,nan,nan,nan,2188.5179,1065.7708,2721.4641,6757.832925,3417.9631,11688.666,nan,nan,nan,nan,nan,nan
12,nan,nan,nan,nan,nan,nan,2123.7571,1043.3542,2732.7761,6507.764225000001,3057.199,11523.2559,nan,nan,nan,nan,nan,nan
13,nan,nan,nan,nan,nan,nan,2071.83155,1002.9689,2696.9075,6148.951650000001,2845.6816,11266.8145,nan,nan,nan,nan,nan,nan
14,nan,nan,nan,nan,nan,nan,2050.640975,969.3426,2716.6379,5941.893975,2560.8059,11027.8574,nan,nan,nan,nan,nan,nan
15,nan,nan,nan,nan,nan,nan,1988.5119,937.6442,2688.6501,5657.435475,2322.3943,11049.1445,nan,nan,nan,nan,nan,nan
16,nan,nan,nan,nan,nan,nan,1941.7691750000001,912.5815,2711.1116,5567.4229749999995,2239.8337,10733.1953,nan,nan,nan,nan,nan,nan
17,nan,nan,nan,nan,nan,nan,1950.9872500000001,901.8089,2698.292,5271.83935,2083.561,10623.0664,nan,nan,nan,nan,nan,nan
18,nan,nan,nan,nan,nan,nan,1907.8600000000001,885.7928,2735.9487,5148.21425,2003.9482,10631.8223,nan,nan,nan,nan,nan,nan
19,nan,nan,nan,nan,nan,nan,1854.8476249999999,853.2354,2711.8945,4995.279975,2073.8831,10433.2188,nan,nan,nan,nan,nan,nan
20,nan,nan,nan,nan,nan,nan,1831.6997999999999,815.5004,2698.5229,4827.0851,1971.3158,10289.7422,nan,nan,nan,nan,nan,nan
21,nan,nan,nan,nan,nan,nan,1850.3230250000001,804.9512,2688.2988,5013.05015,1853.2897,10307.7402,nan,nan,nan,nan,nan,nan
22,nan,nan,nan,nan,nan,nan,1803.3786499999999,809.4094,2679.8398,4661.5665,1667.2208,10188.3457,nan,nan,nan,nan,nan,nan
23,nan,nan,nan,nan,nan,nan,1806.5506249999999,821.6393,2691.896,4461.34335,1715.4164,9835.9375,nan,nan,nan,nan,nan,nan
24,nan,nan,nan,nan,nan,nan,1798.7537750000001,753.7704,2690.3635,4526.2605,1427.0687,9899.7773,nan,nan,nan,nan,nan,nan
25,nan,nan,nan,nan,nan,nan,1742.1525000000001,778.3315,2707.7473,4344.808125,1510.5513,9909.3184,nan,nan,nan,nan,nan,nan
26,nan,nan,nan,nan,nan,nan,1713.6719,759.9195,2671.6538,4404.5145,1281.306,9660.084,nan,nan,nan,nan,nan,nan
27,nan,nan,nan,nan,nan,nan,1680.249825,772.7563,2677.8503,4262.473924999999,1350.5651,9904.3984,nan,nan,nan,nan,nan,nan
28,nan,nan,nan,nan,nan,nan,1763.7320499999998,721.3373,2727.1245,4760.4673,1075.8004,10100.2549,nan,nan,nan,nan,nan,nan
29,nan,nan,nan,nan,nan,nan,1669.459975,746.3661,2672.9397,4244.053125,1110.9982,10483.9316,nan,nan,nan,nan,nan,nan
30,nan,nan,nan,nan,nan,nan,1640.5818,720.0526,2697.0679,4166.817525,1052.849,10422.0713,nan,nan,nan,nan,nan,nan
31,nan,nan,nan,nan,nan,nan,1779.485775,753.4968,2708.1958,4231.923699999999,1066.4247,10168.8975,nan,nan,nan,nan,nan,nan
32,nan,nan,nan,nan,nan,nan,1672.7429,702.1047,2688.1821,4155.223825,1008.7669,10399.9365,nan,nan,nan,nan,nan,nan
33,nan,nan,nan,nan,nan,nan,1634.6712750000002,675.1027,2668.4031,3963.0574749999996,1035.8031,10020.5693,nan,nan,nan,nan,nan,nan
34,nan,nan,nan,nan,nan,nan,1667.5787750000002,707.7236,2666.7795,3957.14465,1179.9465,10222.3047,nan,nan,nan,nan,nan,nan
35,nan,nan,nan,nan,nan,nan,1609.1927249999999,668.5236,2668.5107,4021.1274,1009.2507,10183.2285,nan,nan,nan,nan,nan,nan
36,nan,nan,nan,nan,nan,nan,1645.1056750000002,702.3631,2686.3787,3911.808075,1084.1586,10041.416,nan,nan,nan,nan,nan,nan
37,nan,nan,nan,nan,nan,nan,1596.7273250000003,662.9278,2674.2148,3876.3971250000004,977.3668,10347.0557,nan,nan,nan,nan,nan,nan
38,nan,nan,nan,nan,nan,nan,1658.3529750000002,685.8967,2672.0403,4032.872,940.5798,10398.5566,nan,nan,nan,nan,nan,nan
39,nan,nan,nan,nan,nan,nan,1626.133925,671.5887,2750.7837,3910.6032499999997,963.7778,10345.541,nan,nan,nan,nan,nan,nan
40,nan,nan,nan,nan,nan,nan,1621.659325,609.7272,2677.8979,3894.3102000000003,949.263,10605.4131,nan,nan,nan,nan,nan,nan
41,nan,nan,nan,nan,nan,nan,1615.76095,658.9819,2665.0356,3946.3547249999997,987.2532,10522.2246,nan,nan,nan,nan,nan,nan
42,nan,nan,nan,nan,nan,nan,1618.2725249999999,659.8199,2669.46,4170.204325000001,1072.816,10710.709,nan,nan,nan,nan,nan,nan
43,nan,nan,nan,nan,nan,nan,1614.76945,727.1555,2691.3745,4145.30475,1063.8763,10750.3066,nan,nan,nan,nan,nan,nan
44,nan,nan,nan,nan,nan,nan,1537.1124249999998,648.9545,2685.7112,4091.9733999999994,1143.6632,10832.4463,nan,nan,nan,nan,nan,nan
45,nan,nan,nan,nan,nan,nan,1561.894175,671.7044,2652.3411,3995.1345,1029.4943,10854.0664,nan,nan,nan,nan,nan,nan
46,nan,nan,nan,nan,nan,nan,1584.7463750000002,650.4965,2644.4124,4056.388325,986.7768,10778.8516,nan,nan,nan,nan,nan,nan
47,nan,nan,nan,nan,nan,nan,1538.7344,616.5978,2649.21,4102.07495,970.5916,11182.8809,nan,nan,nan,nan,nan,nan
48,nan,nan,nan,nan,nan,nan,1525.61215,597.9928,2682.8579,4228.671075,970.9043,11121.2949,nan,nan,nan,nan,nan,nan
49,nan,nan,nan,nan,nan,nan,1568.54955,597.681,2691.405,4160.8804,990.5621,11204.3574,nan,nan,nan,nan,nan,nan
50,nan,nan,nan,nan,nan,nan,1559.97245,697.4603,2669.6501,4292.0729,1085.5992,11339.5586,nan,nan,nan,nan,nan,nan
51,nan,nan,nan,nan,nan,nan,1576.17055,696.7791,2664.0439,4194.894499999999,987.6147,11226.3994,nan,nan,nan,nan,nan,nan
52,nan,nan,nan,nan,nan,nan,1558.3418249999997,664.391,2661.1443,4144.2731,1028.4523,11283.4453,nan,nan,nan,nan,nan,nan
53,nan,nan,nan,nan,nan,nan,1516.4674750000001,637.1706,2697.5789,4110.86815,1042.5336,11258.0371,nan,nan,nan,nan,nan,nan
54,nan,nan,nan,nan,nan,nan,1556.7037249999998,619.7565,2709.6357,4104.245875,955.1783,11161.124,nan,nan,nan,nan,nan,nan
55,nan,nan,nan,nan,nan,nan,1441.9598999999998,586.9549,2669.4561,4072.8541250000003,1000.1556,11183.3281,nan,nan,nan,nan,nan,nan
56,nan,nan,nan,nan,nan,nan,1453.879725,567.9819,2669.0935,3970.1870499999995,943.5598,10762.7734,nan,nan,nan,nan,nan,nan
57,nan,nan,nan,nan,nan,nan,1457.15915,610.9221,2662.1846,4083.8803749999997,973.2394,10997.4414,nan,nan,nan,nan,nan,nan
58,nan,nan,nan,nan,nan,nan,1453.34445,550.5326,2640.9741,4024.4977500000005,989.9433,11046.7598,nan,nan,nan,nan,nan,nan
59,nan,nan,nan,nan,nan,nan,1464.911175,563.482,2648.6401,4042.1538499999997,922.4708,11144.1357,nan,nan,nan,nan,nan,nan
60,nan,nan,nan,nan,nan,nan,1401.2845,565.0777,2647.3486,3914.52075,944.3563,10733.0303,nan,nan,nan,nan,nan,nan
61,nan,nan,nan,nan,nan,nan,1439.5609,548.3098,2707.7761,4102.862950000001,1037.8021,11046.0352,nan,nan,nan,nan,nan,nan
62,nan,nan,nan,nan,nan,nan,1451.5531999999998,573.8016,2682.0581,4138.32915,956.4167,10875.4951,nan,nan,nan,nan,nan,nan
63,nan,nan,nan,nan,nan,nan,1431.362425,541.6625,2645.5613,3990.4883250000003,959.9587,10477.7988,nan,nan,nan,nan,nan,nan
64,nan,nan,nan,nan,nan,nan,1474.86925,551.3853,2657.02,3931.2842499999997,1073.202,10196.7959,nan,nan,nan,nan,nan,nan
65,nan,nan,nan,nan,nan,nan,1397.00175,561.4458,2648.7737,3977.96065,1114.5885,9809.5352,nan,nan,nan,nan,nan,nan
66,nan,nan,nan,nan,nan,nan,1419.344225,644.6717,2648.0483,3765.8570499999996,988.5234,9525.2158,nan,nan,nan,nan,nan,nan
67,nan,nan,nan,nan,nan,nan,1399.952675,562.9247,2668.3496,3649.65075,942.7584,9630.0996,nan,nan,nan,nan,nan,nan
68,nan,nan,nan,nan,nan,nan,1429.01435,566.3369,2707.8916,3883.455575,979.9414,9621.1865,nan,nan,nan,nan,nan,nan
69,nan,nan,nan,nan,nan,nan,1432.408,516.6683,2658.7795,3722.9944250000003,1043.8379,9124.6123,nan,nan,nan,nan,nan,nan
70,nan,nan,nan,nan,nan,nan,1417.2784000000001,533.0589,2657.4785,3818.12845,1088.8384,9554.3613,nan,nan,nan,nan,nan,nan
71,nan,nan,nan,nan,nan,nan,1398.3883999999998,530.6732,2700.9851,3673.15585,1105.7739,8601.0273,nan,nan,nan,nan,nan,nan
72,nan,nan,nan,nan,nan,nan,1400.7135000000003,550.1556,2686.8389,3599.3262500000005,1217.255,8484.2754,nan,nan,nan,nan,nan,nan
73,nan,nan,nan,nan,nan,nan,1382.2152999999998,553.1261,2686.9329,3436.90675,1064.7944,8161.8076,nan,nan,nan,nan,nan,nan
74,nan,nan,nan,nan,nan,nan,1374.9004,515.9843,2662.6055,3433.725375,1002.5016,8092.3706,nan,nan,nan,nan,nan,nan
75,nan,nan,nan,nan,nan,nan,1358.49725,506.7627,2651.0007,3404.311875,1097.142,8138.002,nan,nan,nan,nan,nan,nan
76,nan,nan,nan,nan,nan,nan,1379.4338249999998,520.3847,2712.8594,3280.68885,1041.2596,7878.7515,nan,nan,nan,nan,nan,nan
77,nan,nan,nan,nan,nan,nan,1382.6318,514.5925,2695.3074,3327.181175,1114.3937,8110.4595,nan,nan,nan,nan,nan,nan
78,nan,nan,nan,nan,nan,nan,1397.318125,566.9249,2681.9944,3309.230375,1173.619,7754.9092,nan,nan,nan,nan,nan,nan
79,nan,nan,nan,nan,nan,nan,1341.45005,502.4005,2675.4612,3383.3371500000003,1119.4171,8164.1323,nan,nan,nan,nan,nan,nan
80,nan,nan,nan,nan,nan,nan,1332.5358499999998,500.996,2647.4995,3023.6986500000003,1075.7733,6923.083,nan,nan,nan,nan,nan,nan
81,nan,nan,nan,nan,nan,nan,1342.5484999999999,485.519,2641.1553,3080.53465,1102.2247,7154.0068,nan,nan,nan,nan,nan,nan
82,nan,nan,nan,nan,nan,nan,1318.7812000000001,479.8921,2634.6475,2921.1036,1011.0329,6726.2822,nan,nan,nan,nan,nan,nan
83,nan,nan,nan,nan,nan,nan,1377.53705,480.3342,2691.167,2925.631775,1187.177,6297.3901,nan,nan,nan,nan,nan,nan
84,nan,nan,nan,nan,nan,nan,1329.6233,493.6833,2694.459,2826.6611,1098.8295,6064.6118,nan,nan,nan,nan,nan,nan
85,nan,nan,nan,nan,nan,nan,1312.72975,491.6376,2674.6338,2772.9375250000003,1000.0587,5905.5752,nan,nan,nan,nan,nan,nan
86,nan,nan,nan,nan,nan,nan,1321.464575,468.7612,2670.6802,2805.1078500000003,1080.0421,5877.5493,nan,nan,nan,nan,nan,nan
87,nan,nan,nan,nan,nan,nan,1289.56565,483.3882,2628.8975,2711.5850750000004,993.2612,5735.52,nan,nan,nan,nan,nan,nan
88,nan,nan,nan,nan,nan,nan,1300.0023749999998,545.4297,2683.9966,2594.6516,1019.7131,5181.0757,nan,nan,nan,nan,nan,nan
89,nan,nan,nan,nan,nan,nan,1304.13235,546.243,2674.3379,2677.28955,995.2535,5641.8271,nan,nan,nan,nan,nan,nan
90,nan,nan,nan,nan,nan,nan,1260.3086999999998,506.1846,2648.0376,2392.3989500000002,960.183,4352.9556,nan,nan,nan,nan,nan,nan
91,nan,nan,nan,nan,nan,nan,1300.765875,504.3122,2647.3462,2491.00155,1043.7267,4766.748,nan,nan,nan,nan,nan,nan
92,nan,nan,nan,nan,nan,nan,1257.6780999999999,468.2932,2653.4163,2563.7995,1036.6941,4482.374,nan,nan,nan,nan,nan,nan
93,nan,nan,nan,nan,nan,nan,1311.98275,442.5704,2668.949,2581.081275,1354.4821,4309.2559,nan,nan,nan,nan,nan,nan
94,nan,nan,nan,nan,nan,nan,1285.2942,452.7007,2645.5774,2265.29915,968.4601,3768.395,nan,nan,nan,nan,nan,nan
95,nan,nan,nan,nan,nan,nan,1305.458525,490.8935,2657.7502,2270.0002000000004,980.5689,3958.9285,nan,nan,nan,nan,nan,nan
96,nan,nan,nan,nan,nan,nan,1315.9852999999998,445.1214,2643.9089,2337.652575,975.4653,3991.1011,nan,nan,nan,nan,nan,nan
97,nan,nan,nan,nan,nan,nan,1262.659325,438.6728,2689.1426,2301.120575,967.7929,3938.1506,nan,nan,nan,nan,nan,nan
98,nan,nan,nan,nan,nan,nan,1255.13795,458.301,2723.512,2295.66405,1005.6766,3885.7896,nan,nan,nan,nan,nan,nan
99,nan,nan,nan,nan,nan,nan,1250.2297499999997,422.1414,2656.2666,2340.06595,1208.264,3800.5752,nan,nan,nan,nan,nan,nan
100,nan,nan,nan,nan,nan,nan,1268.1836750000002,437.2181,2642.5356,2440.58485,1113.5297,4112.0225,nan,nan,nan,nan,nan,nan
101,nan,nan,nan,nan,nan,nan,1230.6995,411.6468,2646.7588,2332.6555749999998,1233.5137,3973.0532,nan,nan,nan,nan,nan,nan
102,nan,nan,nan,nan,nan,nan,1228.943425,416.2632,2651.8694,2175.6692000000003,1075.5599,3407.272,nan,nan,nan,nan,nan,nan
103,nan,nan,nan,nan,nan,nan,1261.462225,406.2005,2681.0437,2125.8172250000002,1155.0811,3170.699,nan,nan,nan,nan,nan,nan
104,nan,nan,nan,nan,nan,nan,1265.069675,440.1741,2689.3799,2121.344775,1052.7494,3107.5771,nan,nan,nan,nan,nan,nan
105,nan,nan,nan,nan,nan,nan,1204.10345,393.7701,2671.896,2175.487725,1106.4332,3279.5144,nan,nan,nan,nan,nan,nan
106,nan,nan,nan,nan,nan,nan,1243.2974000000002,456.6082,2648.7671,2330.783525,1240.582,3594.365,nan,nan,nan,nan,nan,nan
107,nan,nan,nan,nan,nan,nan,1185.2395000000001,454.2213,2651.2493,2012.49645,1136.3121,2830.9697,nan,nan,nan,nan,nan,nan
108,nan,nan,nan,nan,nan,nan,1206.1263,456.7643,2669.0269,2064.26645,1101.8092,2950.1746,nan,nan,nan,nan,nan,nan
109,nan,nan,nan,nan,nan,nan,1228.2593,417.903,2649.854,1975.569225,1101.5945,2942.5396,nan,nan,nan,nan,nan,nan
110,nan,nan,nan,nan,nan,nan,1217.239225,403.7882,2650.5037,1972.6496,1112.8525,2859.1199,nan,nan,nan,nan,nan,nan
111,nan,nan,nan,nan,nan,nan,1237.785725,392.765,2685.9814,1954.5150000000003,1021.9413,2939.8762,nan,nan,nan,nan,nan,nan
112,nan,nan,nan,nan,nan,nan,1236.333075,410.2357,2694.0845,1991.8318749999999,1221.847,2988.0757,nan,nan,nan,nan,nan,nan
113,nan,nan,nan,nan,nan,nan,1201.0753,404.135,2647.3079,1959.3885750000002,1203.8739,2996.5474,nan,nan,nan,nan,nan,nan
114,nan,nan,nan,nan,nan,nan,1226.903225,416.423,2640.3894,2036.2436,1171.5409,3014.0793,nan,nan,nan,nan,nan,nan
115,nan,nan,nan,nan,nan,nan,1203.07545,379.9785,2662.1719,1889.299125,1213.1849,2873.4526,nan,nan,nan,nan,nan,nan
116,nan,nan,nan,nan,nan,nan,1188.308125,393.5799,2641.458,1840.475925,1126.9082,2901.9634,nan,nan,nan,nan,nan,nan
117,nan,nan,nan,nan,nan,nan,1183.191425,390.8184,2657.9609,1849.312625,1065.7917,2821.9739,nan,nan,nan,nan,nan,nan
118,nan,nan,nan,nan,nan,nan,1193.385,386.7182,2650.3208,2004.4880750000002,1095.0226,3030.5266,nan,nan,nan,nan,nan,nan
119,nan,nan,nan,nan,nan,nan,1187.5240749999998,412.6563,2653.0186,2036.5170750000002,1150.9327,2860.9778,nan,nan,nan,nan,nan,nan
120,nan,nan,nan,nan,nan,nan,1189.65795,409.6741,2671.4597,1961.38005,1189.3907,2962.293,nan,nan,nan,nan,nan,nan
121,nan,nan,nan,nan,nan,nan,1190.72755,400.088,2665.0786,1971.200375,1032.1986,2996.7698,nan,nan,nan,nan,nan,nan
122,nan,nan,nan,nan,nan,nan,1189.228925,392.7691,2651.6331,1874.3481,1114.3231,3047.1458,nan,nan,nan,nan,nan,nan
123,nan,nan,nan,nan,nan,nan,1196.0045750000002,437.3353,2657.592,1941.799075,1181.5557,3098.6943,nan,nan,nan,nan,nan,nan
124,nan,nan,nan,nan,nan,nan,1166.6249,370.5311,2663.5635,1880.565775,1038.0756,3004.334,nan,nan,nan,nan,nan,nan
125,nan,nan,nan,nan,nan,nan,1146.890225,390.1258,2665.6799,1965.305425,1107.8158,2931.4399,nan,nan,nan,nan,nan,nan
126,nan,nan,nan,nan,nan,nan,1167.6707,421.3365,2657.8149,1885.5898000000002,1162.6683,2916.0903,nan,nan,nan,nan,nan,nan
127,nan,nan,nan,nan,nan,nan,1154.41925,408.1131,2656.783,1864.3385749999998,1229.9841,2946.4084,nan,nan,nan,nan,nan,nan
128,nan,nan,nan,nan,nan,nan,1172.86385,393.1158,2671.1118,1894.2489,1115.4019,2949.6404,nan,nan,nan,nan,nan,nan
129,nan,nan,nan,nan,nan,nan,1194.3633499999999,397.9907,2645.6475,1940.1037250000002,1069.4647,2848.3918,nan,nan,nan,nan,nan,nan
130,nan,nan,nan,nan,nan,nan,1177.01525,413.4398,2651.7168,1970.8087999999998,1033.2306,3215.3525,nan,nan,nan,nan,nan,nan
131,nan,nan,nan,nan,nan,nan,1167.1626,396.1883,2661.6604,2001.4451750000003,1189.1488,3006.8074,nan,nan,nan,nan,nan,nan
132,nan,nan,nan,nan,nan,nan,1145.748125,412.659,2645.2996,1762.1769749999999,1009.1747,2815.2708,nan,nan,nan,nan,nan,nan
133,nan,nan,nan,nan,nan,nan,1130.2691,358.3109,2655.8853,2048.7520250000002,1116.9811,3010.8823,nan,nan,nan,nan,nan,nan
134,nan,nan,nan,nan,nan,nan,1168.76505,401.0045,2665.0286,1932.9344999999998,1083.9557,3135.7317,nan,nan,nan,nan,nan,nan
135,nan,nan,nan,nan,nan,nan,1138.487825,361.3039,2650.4094,1978.28355,998.4167,2895.5024,nan,nan,nan,nan,nan,nan
136,nan,nan,nan,nan,nan,nan,1127.0416500000001,363.8458,2683.1475,1922.030125,1158.7489,2793.5415,nan,nan,nan,nan,nan,nan
137,nan,nan,nan,nan,nan,nan,1149.711225,412.8878,2667.4688,1928.34555,1231.204,2816.02,nan,nan,nan,nan,nan,nan
138,nan,nan,nan,nan,nan,nan,1155.58325,376.1231,2662.4973,1956.124875,1197.5668,2865.0464,nan,nan,nan,nan,nan,nan
139,nan,nan,nan,nan,nan,nan,1110.651875,363.6073,2643.9451,1845.4616500000002,1225.9634,2820.897,nan,nan,nan,nan,nan,nan
140,nan,nan,nan,nan,nan,nan,1116.56695,363.3378,2664.3398,1921.359775,1266.3246,2857.9214,nan,nan,nan,nan,nan,nan
141,nan,nan,nan,nan,nan,nan,1107.6554250000002,374.6456,2654.2292,2045.32615,1197.9323,2898.2612,nan,nan,nan,nan,nan,nan
142,nan,nan,nan,nan,nan,nan,1122.8527000000001,389.0861,2656.635,1885.9915999999998,1085.8124,2925.9011,nan,nan,nan,nan,nan,nan
143,nan,nan,nan,nan,nan,nan,1121.934425,393.195,2671.6562,1932.063775,1175.1014,2954.0522,nan,nan,nan,nan,nan,nan
144,nan,nan,nan,nan,nan,nan,1105.5954,377.9865,2659.0439,1940.7009749999997,1226.5228,2847.8909,nan,nan,nan,nan,nan,nan
145,nan,nan,nan,nan,nan,nan,1085.50425,338.7758,2638.9658,1867.8891749999998,1180.681,2855.509,nan,nan,nan,nan,nan,nan
146,nan,nan,nan,nan,nan,nan,1124.7497749999998,394.2938,2658.2825,1904.871775,1238.5326,2817.0632,nan,nan,nan,nan,nan,nan
147,nan,nan,nan,nan,nan,nan,1119.0281249999998,345.2899,2640.5576,1941.9476,1164.7256,2852.1462,nan,nan,nan,nan,nan,nan
148,nan,nan,nan,nan,nan,nan,1140.460575,353.4055,2653.2588,1970.0863499999998,1232.5732,2818.5312,nan,nan,nan,nan,nan,nan
149,nan,nan,nan,nan,nan,nan,1101.336675,347.5679,2647.063,1981.9116,1273.5973,2816.0845,nan,nan,nan,nan,nan,nan
150,nan,nan,nan,nan,nan,nan,1104.022475,346.217,2651.9561,1952.36815,1207.007,2869.5259,nan,nan,nan,nan,nan,nan
151,nan,nan,nan,nan,nan,nan,1086.9403,335.9784,2648.1963,1859.816025,1182.6675,2865.7649,nan,nan,nan,nan,nan,nan
152,nan,nan,nan,nan,nan,nan,1084.70875,337.4195,2643.072,1820.732775,1158.7709,2832.0847,nan,nan,nan,nan,nan,nan
153,nan,nan,nan,nan,nan,nan,1110.6295249999998,365.0577,2638.8621,1878.914575,1110.9557,2828.6379,nan,nan,nan,nan,nan,nan
154,nan,nan,nan,nan,nan,nan,1104.20045,340.3467,2657.2434,1804.3143,1149.8385,2906.4927,nan,nan,nan,nan,nan,nan
155,nan,nan,nan,nan,nan,nan,1088.142875,339.4328,2632.5986,1834.157225,1152.3531,2914.2036,nan,nan,nan,nan,nan,nan
156,nan,nan,nan,nan,nan,nan,1119.061375,341.7624,2690.8137,1878.5975,1045.9554,3163.063,nan,nan,nan,nan,nan,nan
157,nan,nan,nan,nan,nan,nan,1120.2262500000002,365.2249,2653.9067,2002.540875,1116.3075,3354.2969,nan,nan,nan,nan,nan,nan
158,nan,nan,nan,nan,nan,nan,1119.264425,347.0396,2647.8748,2137.2898,1141.3042,3590.354,nan,nan,nan,nan,nan,nan
159,nan,nan,nan,nan,nan,nan,1113.40925,419.1016,2663.636,1924.1056,1264.2152,3260.8064,nan,nan,nan,nan,nan,nan
160,nan,nan,nan,nan,nan,nan,1091.3891,364.7161,2640.8665,2006.730475,1093.5737,3676.5735,nan,nan,nan,nan,nan,nan
161,nan,nan,nan,nan,nan,nan,1082.7249,351.1229,2641.4089,1996.0012499999998,1159.9735,3535.5991,nan,nan,nan,nan,nan,nan
162,nan,nan,nan,nan,nan,nan,1072.150975,332.0736,2648.4033,2111.2091,1165.954,3799.9126,nan,nan,nan,nan,nan,nan
163,nan,nan,nan,nan,nan,nan,1094.7611749999999,342.0735,2659.8386,1980.430175,1192.8713,3748.0464,nan,nan,nan,nan,nan,nan
164,nan,nan,nan,nan,nan,nan,1096.802125,373.3423,2649.5269,2013.05985,1117.9264,4057.1836,nan,nan,nan,nan,nan,nan
165,nan,nan,nan,nan,nan,nan,1097.3884,380.1459,2668.9402,1996.381625,1190.6855,3702.114,nan,nan,nan,nan,nan,nan
166,nan,nan,nan,nan,nan,nan,1072.331925,353.874,2673.616,2178.146975,1098.3824,4422.4971,nan,nan,nan,nan,nan,nan
167,nan,nan,nan,nan,nan,nan,1077.892825,311.6032,2673.7971,2621.26945,1070.6606,6447.8115,nan,nan,nan,nan,nan,nan
168,nan,nan,nan,nan,nan,nan,1069.4946249999998,366.1157,2646.2083,3546.19125,1084.447,9849.1689,nan,nan,nan,nan,nan,nan
169,nan,nan,nan,nan,nan,nan,1111.2802000000001,354.1745,2664.0625,3389.6978,1129.2804,8895.7559,nan,nan,nan,nan,nan,nan
170,nan,nan,nan,nan,nan,nan,1062.5216,376.0946,2661.0759,2590.133275,1183.2351,5983.0967,nan,nan,nan,nan,nan,nan
171,nan,nan,nan,nan,nan,nan,1069.7997,370.6966,2663.2334,3247.4702249999996,1212.22,8217.4121,nan,nan,nan,nan,nan,nan
172,nan,nan,nan,nan,nan,nan,1047.515975,340.3723,2656.8984,2845.2030250000003,1167.8529,6664.9243,nan,nan,nan,nan,nan,nan
173,nan,nan,nan,nan,nan,nan,1089.7372500000001,342.1959,2655.0771,2849.8769,1094.2018,6897.4639,nan,nan,nan,nan,nan,nan
174,nan,nan,nan,nan,nan,nan,1080.3935999999999,327.2443,2641.6838,2732.2559,1169.6232,6652.1069,nan,nan,nan,nan,nan,nan
175,nan,nan,nan,nan,nan,nan,1091.50215,345.6628,2645.906,3591.8377250000003,1121.9991,9991.7139,nan,nan,nan,nan,nan,nan
176,nan,nan,nan,nan,nan,nan,1074.584775,364.1018,2655.4131,3972.1865,1076.5204,11497.9229,nan,nan,nan,nan,nan,nan
177,nan,nan,nan,nan,nan,nan,1101.6625000000001,400.4601,2663.7134,3446.9476250000007,1129.0171,9571.0107,nan,nan,nan,nan,nan,nan
178,nan,nan,nan,nan,nan,nan,1114.0767500000002,326.5797,2643.3442,3019.9565,1083.0543,8047.5166,nan,nan,nan,nan,nan,nan
179,nan,nan,nan,nan,nan,nan,1061.9717500000002,340.4962,2676.0061,1955.6983249999998,1162.9813,3523.2507,nan,nan,nan,nan,nan,nan
180,nan,nan,nan,nan,nan,nan,1069.05385,318.0715,2638.5374,2146.796925,1062.394,4238.376,nan,nan,nan,nan,nan,nan
181,nan,nan,nan,nan,nan,nan,1051.3275250000002,311.5287,2647.061,1966.33705,1108.1876,3709.5984,nan,nan,nan,nan,nan,nan
182,nan,nan,nan,nan,nan,nan,1066.7107999999998,318.1766,2638.9731,2196.18735,1154.0641,4839.9854,nan,nan,nan,nan,nan,nan
183,nan,nan,nan,nan,nan,nan,1080.61385,323.5534,2654.1914,2764.56705,1238.0431,6672.8174,nan,nan,nan,nan,nan,nan
184,nan,nan,nan,nan,nan,nan,1048.910175,330.1728,2644.5449,2552.5313749999996,1169.4124,5548.1079,nan,nan,nan,nan,nan,nan
185,nan,nan,nan,nan,nan,nan,1067.20975,337.7537,2646.1638,2060.0825250000003,1163.9081,4111.4829,nan,nan,nan,nan,nan,nan
186,nan,nan,nan,nan,nan,nan,1046.854625,320.6724,2648.825,2030.1467000000002,1193.0095,3965.4207,nan,nan,nan,nan,nan,nan
187,nan,nan,nan,nan,nan,nan,1047.390775,315.4497,2661.9561,1944.232475,1150.6412,3408.3491,nan,nan,nan,nan,nan,nan
188,nan,nan,nan,nan,nan,nan,1036.9968000000001,322.0906,2652.551,1902.577475,1186.0518,3572.4688,nan,nan,nan,nan,nan,nan
189,nan,nan,nan,nan,nan,nan,1056.294725,311.8112,2637.0657,1895.142425,1188.5453,3575.6035,nan,nan,nan,nan,nan,nan
190,nan,nan,nan,nan,nan,nan,1076.3803500000001,334.4781,2642.4124,2058.337125,1227.3652,3625.1753,nan,nan,nan,nan,nan,nan
191,nan,nan,nan,nan,nan,nan,1083.0000750000002,335.3864,2659.092,1992.4859749999998,1093.8182,3673.8394,nan,nan,nan,nan,nan,nan
192,nan,nan,nan,nan,nan,nan,1047.3166,300.5643,2641.8181,2415.34545,1173.7064,5177.5107,nan,nan,nan,nan,nan,nan
193,nan,nan,nan,nan,nan,nan,1058.231075,332.7017,2646.113,2602.844925,1273.2404,6223.021,nan,nan,nan,nan,nan,nan
194,nan,nan,nan,nan,nan,nan,1042.683575,319.0195,2646.5085,2983.4078,1183.7124,7743.9111,nan,nan,nan,nan,nan,nan
195,nan,nan,nan,nan,nan,nan,1055.815,329.7902,2640.7485,3783.03565,1207.4423,11014.8496,nan,nan,nan,nan,nan,nan
196,nan,nan,nan,nan,nan,nan,1036.191375,330.6419,2634.7776,2860.172075,1175.3253,7172.7251,nan,nan,nan,nan,nan,nan
197,nan,nan,nan,nan,nan,nan,1031.3543,309.568,2654.5769,2124.103325,1203.4232,4209.5674,nan,nan,nan,nan,nan,nan
198,nan,nan,nan,nan,nan,nan,1029.0755,309.8012,2640.9092,2136.83765,1138.2257,4387.4971,nan,nan,nan,nan,nan,nan
199,nan,nan,nan,nan,nan,nan,1028.0807750000001,326.1376,2649.668,2806.5263499999996,1193.4756,6391.7329,nan,nan,nan,nan,nan,nan
200,nan,nan,nan,nan,nan,nan,1026.819525,327.0488,2657.7942,2144.287125,1302.6757,4305.3721,nan,nan,nan,nan,nan,nan
201,nan,nan,nan,nan,nan,nan,1021.3652999999999,318.9213,2639.783,2052.068925,1148.3861,4018.7593,nan,nan,nan,nan,nan,nan
202,nan,nan,nan,nan,nan,nan,1024.768125,318.1776,2650.4182,2010.425125,1192.6051,3965.2808,nan,nan,nan,nan,nan,nan
203,nan,nan,nan,nan,nan,nan,1013.5418,303.9669,2633.4917,2203.105925,1146.7501,4726.0615,nan,nan,nan,nan,nan,nan
204,nan,nan,nan,nan,nan,nan,1022.233475,293.0091,2640.4534,3109.4970499999995,1145.589,8379.1562,nan,nan,nan,nan,nan,nan
205,nan,nan,nan,nan,nan,nan,1019.742175,327.2082,2636.4382,2221.9400499999997,1245.5133,4735.8892,nan,nan,nan,nan,nan,nan
206,nan,nan,nan,nan,nan,nan,1011.460125,302.4008,2643.2642,2408.34795,1145.713,5660.9697,nan,nan,nan,nan,nan,nan
207,nan,nan,nan,nan,nan,nan,1034.797,343.8409,2641.0027,2568.07535,1259.5682,6074.4551,nan,nan,nan,nan,nan,nan
208,nan,nan,nan,nan,nan,nan,1028.3469750000002,303.9883,2639.7683,2653.1665,1112.4916,6405.4409,nan,nan,nan,nan,nan,nan
209,nan,nan,nan,nan,nan,nan,1013.958225,300.1428,2642.6162,2739.6557,1184.5558,7043.6499,nan,nan,nan,nan,nan,nan
210,nan,nan,nan,nan,nan,nan,1024.827825,300.1428,2647.2024,3971.68465,1184.5558,11728.5889,nan,nan,nan,nan,nan,nan
211,nan,nan,nan,nan,nan,nan,1024.9359250000002,300.1428,2642.3643,3330.60515,1184.5558,9069.6387,nan,nan,nan,nan,nan,nan
212,nan,nan,nan,nan,nan,nan,1022.9207749999999,300.1428,2639.8037,2803.353425,1184.5558,7333.7134,nan,nan,nan,nan,nan,nan
213,nan,nan,nan,nan,nan,nan,1032.8316750000001,300.1428,2668.999,2272.92925,1184.5558,5103.8774,nan,nan,nan,nan,nan,nan
214,nan,nan,nan,nan,nan,nan,1025.1988250000002,300.1428,2642.8723,3326.183725,1184.5558,8722.7861,nan,nan,nan,nan,nan,nan
215,nan,nan,nan,nan,nan,nan,1041.381375,300.1428,2653.8972,3351.0385499999998,1184.5558,9030.8838,nan,nan,nan,nan,nan,nan
216,nan,nan,nan,nan,nan,nan,1016.908775,300.1428,2638.9214,2294.48835,1184.5558,4906.4512,nan,nan,nan,nan,nan,nan
217,nan,nan,nan,nan,nan,nan,1016.44525,300.1428,2637.668,2553.67865,1184.5558,5984.7588,nan,nan,nan,nan,nan,nan
218,nan,nan,nan,nan,nan,nan,1021.144725,300.1428,2635.5103,3227.6473499999997,1184.5558,8613.0293,nan,nan,nan,nan,nan,nan
219,nan,nan,nan,nan,nan,nan,1023.2299999999999,300.1428,2636.3115,2906.92425,1184.5558,7377.3032,nan,nan,nan,nan,nan,nan
220,nan,nan,nan,nan,nan,nan,1021.677675,300.1428,2640.5532,2740.455075,1184.5558,6556.0146,nan,nan,nan,nan,nan,nan
221,nan,nan,nan,nan,nan,nan,999.54955,300.1428,2651.52,2316.811225,1184.5558,5320.7095,nan,nan,nan,nan,nan,nan
222,nan,nan,nan,nan,nan,nan,1010.2106,300.1428,2644.3799,2384.710675,1184.5558,5509.605,nan,nan,nan,nan,nan,nan
223,nan,nan,nan,nan,nan,nan,1027.7651,300.1428,2636.7673,3001.6807249999997,1184.5558,7491.9678,nan,nan,nan,nan,nan,nan
224,nan,nan,nan,nan,nan,nan,1013.2730250000001,300.1428,2637.4636,2898.3064249999998,1184.5558,7346.3696,nan,nan,nan,nan,nan,nan
225,nan,nan,nan,nan,nan,nan,1012.5981,300.1428,2650.6794,3099.38985,1184.5558,8189.4756,nan,nan,nan,nan,nan,nan
226,nan,nan,nan,nan,nan,nan,1010.40665,300.1428,2648.2705,3101.21735,1184.5558,8171.4189,nan,nan,nan,nan,nan,nan
227,nan,nan,nan,nan,nan,nan,1031.9118,300.1428,2635.9194,2801.083225,1184.5558,6871.4961,nan,nan,nan,nan,nan,nan
228,nan,nan,nan,nan,nan,nan,1007.4482,300.1428,2638.6201,2232.91555,1184.5558,4861.4897,nan,nan,nan,nan,nan,nan
229,nan,nan,nan,nan,nan,nan,1013.5349500000001,300.1428,2642.2139,2211.7458,1184.5558,4656.6133,nan,nan,nan,nan,nan,nan
230,nan,nan,nan,nan,nan,nan,1010.4590999999999,300.1428,2635.1328,2453.3104249999997,1184.5558,5112.1201,nan,nan,nan,nan,nan,nan
231,nan,nan,nan,nan,nan,nan,1014.0004250000001,300.1428,2648.2964,2299.691125,1184.5558,4956.5493,nan,nan,nan,nan,nan,nan
232,nan,nan,nan,nan,nan,nan,1002.556375,300.1428,2641.9561,2091.1245249999997,1184.5558,4331.8604,nan,nan,nan,nan,nan,nan
233,nan,nan,nan,nan,nan,nan,1008.17755,300.1428,2635.8162,2295.448925,1184.5558,4999.3198,nan,nan,nan,nan,nan,nan
234,nan,nan,nan,nan,nan,nan,1000.5452999999999,300.1428,2633.8857,2325.34135,1184.5558,5317.7812,nan,nan,nan,nan,nan,nan
235,nan,nan,nan,nan,nan,nan,1010.0675,300.1428,2635.8584,2444.6744499999995,1184.5558,5642.0166,nan,nan,nan,nan,nan,nan
236,nan,nan,nan,nan,nan,nan,1014.214875,300.1428,2638.3953,2669.9644249999997,1184.5558,6799.8438,nan,nan,nan,nan,nan,nan
237,nan,nan,nan,nan,nan,nan,1005.09875,300.1428,2654.8535,2021.9034000000001,1175.585,4366.7798,nan,nan,nan,nan,nan,nan
238,nan,nan,nan,nan,nan,nan,1006.0812,300.1428,2649.2334,2112.873575,1184.5558,4077.5083,nan,nan,nan,nan,nan,nan
239,nan,nan,nan,nan,nan,nan,1004.6889,300.1428,2637.301,1891.49335,1184.5558,3526.4773,nan,nan,nan,nan,nan,nan
240,nan,nan,nan,nan,nan,nan,1002.7629999999999,300.1428,2642.5869,2045.09155,1184.5558,4155.0024,nan,nan,nan,nan,nan,nan
241,nan,nan,nan,nan,nan,nan,998.432525,300.1428,2638.998,1942.194525,1184.5558,3719.9136,nan,nan,nan,nan,nan,nan
242,nan,nan,nan,nan,nan,nan,1007.10165,300.1428,2641.7385,1976.3566250000001,1184.5558,3604.1001,nan,nan,nan,nan,nan,nan
243,nan,nan,nan,nan,nan,nan,1013.1317750000001,300.1428,2648.7197,1917.645775,1184.5558,3614.6555,nan,nan,nan,nan,nan,nan
244,nan,nan,nan,nan,nan,nan,1002.00815,300.1428,2643.2317,1976.977175,1184.5558,3597.9224,nan,nan,nan,nan,nan,nan
245,nan,nan,nan,nan,nan,nan,1022.969175,300.1428,2639.1611,1913.6037,1184.5558,3563.2056,nan,nan,nan,nan,nan,nan
246,nan,nan,nan,nan,nan,nan,992.085525,300.1428,2636.375,2268.146475,1184.5558,5081.2109,nan,nan,nan,nan,nan,nan
247,nan,nan,nan,nan,nan,nan,995.6319500000001,300.1428,2631.4546,3172.239475,1184.5558,8618.3203,nan,nan,nan,nan,nan,nan
248,nan,nan,nan,nan,nan,nan,1017.1259249999999,300.1428,2644.8176,3707.773,1184.5558,10835.0264,nan,nan,nan,nan,nan,nan
249,nan,nan,nan,nan,nan,nan,1010.8273499999999,300.1428,2638.5923,3341.20105,1184.5558,9359.9346,nan,nan,nan,nan,nan,nan
250,nan,nan,nan,nan,nan,nan,1004.4842,300.1428,2638.6428,2404.928325,1184.5558,5860.624,nan,nan,nan,nan,nan,nan
251,nan,nan,nan,nan,nan,nan,1002.880975,300.1428,2638.4929,2679.589825,1130.7238,7042.3867,nan,nan,nan,nan,nan,nan
252,nan,nan,nan,nan,nan,nan,1010.370425,300.1428,2643.9861,2503.408275,1184.5558,6149.7852,nan,nan,nan,nan,nan,nan
253,nan,nan,nan,nan,nan,nan,998.443175,300.1428,2643.1257,2266.601825,1184.5558,5272.7222,nan,nan,nan,nan,nan,nan
254,nan,nan,nan,nan,nan,nan,1003.844825,300.1428,2640.5022,2212.482725,1184.5558,4940.3457,nan,nan,nan,nan,nan,nan
255,nan,nan,nan,nan,nan,nan,980.121575,300.1428,2631.2891,1987.0685750000002,1184.5558,4144.0757,nan,nan,nan,nan,nan,nan
256,nan,nan,nan,nan,nan,nan,991.6042,300.1428,2635.9768,2012.5683000000001,1184.5558,4084.2434,nan,nan,nan,nan,nan,nan
257,nan,nan,nan,nan,nan,nan,994.4326,300.1428,2634.675,1885.432,1184.5558,3783.9624,nan,nan,nan,nan,nan,nan
258,nan,nan,nan,nan,nan,nan,1010.93645,300.1428,2634.675,1932.1718250000001,1184.5558,3783.9624,nan,nan,nan,nan,nan,nan
259,nan,nan,nan,nan,nan,nan,994.5221,300.1428,2634.675,1863.08655,1123.135,3783.9624,nan,nan,nan,nan,nan,nan
260,nan,nan,nan,nan,nan,nan,1003.2522250000001,300.1428,2634.675,1950.227,1184.5558,3783.9624,nan,nan,nan,nan,nan,nan
261,nan,nan,nan,nan,nan,nan,990.795575,300.1428,2634.675,1968.18485,1184.5558,3783.9624,nan,nan,nan,nan,nan,nan
262,nan,nan,nan,nan,nan,nan,994.0873,300.1428,2634.675,1912.2213,1184.5558,3783.9624,nan,nan,nan,nan,nan,nan
263,nan,nan,nan,nan,nan,nan,1011.2160250000001,300.1428,2634.675,1916.447575,1184.5558,3783.9624,nan,nan,nan,nan,nan,nan
264,nan,nan,nan,nan,nan,nan,999.9981250000001,300.1428,2634.675,1934.81415,1184.5558,3783.9624,nan,nan,nan,nan,nan,nan
265,nan,nan,nan,nan,nan,nan,1004.7489,300.1428,2634.675,1943.732,1184.5558,3783.9624,nan,nan,nan,nan,nan,nan
266,nan,nan,nan,nan,nan,nan,1000.658675,300.1428,2634.675,1899.6734250000002,1184.5558,3783.9624,nan,nan,nan,nan,nan,nan
267,nan,nan,nan,nan,nan,nan,1002.3314250000001,300.1428,2634.675,1966.4399250000001,1184.5558,3783.9624,nan,nan,nan,nan,nan,nan
268,nan,nan,nan,nan,nan,nan,999.8872500000001,300.1428,2634.675,1964.654725,1184.5558,3783.9624,nan,nan,nan,nan,nan,nan
269,nan,nan,nan,nan,nan,nan,992.837525,300.1428,2634.675,1997.870775,1184.5558,3783.9624,nan,nan,nan,nan,nan,nan
270,nan,nan,nan,nan,nan,nan,983.912625,300.1428,2634.675,1949.2787500000002,1184.5558,3783.9624,nan,nan,nan,nan,nan,nan
271,nan,nan,nan,nan,nan,nan,984.409475,300.1428,2634.675,1995.90835,1184.5558,3783.9624,nan,nan,nan,nan,nan,nan
272,nan,nan,nan,nan,nan,nan,1031.6178750000001,300.1428,2634.675,2036.542975,1184.5558,3783.9624,nan,nan,nan,nan,nan,nan
273,nan,nan,nan,nan,nan,nan,1037.777,300.1428,2634.675,2035.091325,1184.5558,3783.9624,nan,nan,nan,nan,nan,nan
274,nan,nan,nan,nan,nan,nan,1022.978425,300.1428,2634.675,1976.4234000000001,1184.5558,3783.9624,nan,nan,nan,nan,nan,nan
275,nan,nan,nan,nan,nan,nan,1013.8606000000001,300.1428,2634.675,1954.4906250000001,1184.5558,3783.9624,nan,nan,nan,nan,nan,nan
276,nan,nan,nan,nan,nan,nan,996.2883750000001,300.1428,2634.675,1929.6822,1184.5558,3783.9624,nan,nan,nan,nan,nan,nan
277,nan,nan,nan,nan,nan,nan,992.9461,300.1428,2634.675,1886.7016,1184.5558,3783.9624,nan,nan,nan,nan,nan,nan
278,nan,nan,nan,nan,nan,nan,996.91425,300.1428,2634.675,1849.711575,1069.6351,3783.9624,nan,nan,nan,nan,nan,nan
279,nan,nan,nan,nan,nan,nan,999.1691750000001,300.1428,2634.675,1944.801175,1184.5558,3783.9624,nan,nan,nan,nan,nan,nan
280,nan,nan,nan,nan,nan,nan,1014.1836500000001,300.1428,2634.675,1924.2998,1184.5558,3783.9624,nan,nan,nan,nan,nan,nan
281,nan,nan,nan,nan,nan,nan,1003.4241000000001,300.1428,2634.675,1934.689775,1184.5558,3783.9624,nan,nan,nan,nan,nan,nan
282,nan,nan,nan,nan,nan,nan,984.51205,300.1428,2634.675,1915.56445,1184.5558,3783.9624,nan,nan,nan,nan,nan,nan
283,nan,nan,nan,nan,nan,nan,1005.211825,300.1428,2634.675,1942.211675,1184.5558,3783.9624,nan,nan,nan,nan,nan,nan
284,nan,nan,nan,nan,nan,nan,1000.8833500000001,300.1428,2634.675,2000.315125,1184.5558,3783.9624,nan,nan,nan,nan,nan,nan
285,nan,nan,nan,nan,nan,nan,988.737575,300.1428,2634.675,2000.2737750000001,1184.5558,3783.9624,nan,nan,nan,nan,nan,nan
286,nan,nan,nan,nan,nan,nan,993.4869500000001,300.1428,2634.675,1952.5274000000002,1184.5558,3783.9624,nan,nan,nan,nan,nan,nan
287,nan,nan,nan,nan,nan,nan,992.6363500000001,300.1428,2634.675,2004.7117250000001,1184.5558,3783.9624,nan,nan,nan,nan,nan,nan
288,nan,nan,nan,nan,nan,nan,981.1054,300.1428,2634.675,1956.7473750000001,1184.5558,3783.9624,nan,nan,nan,nan,nan,nan
289,nan,nan,nan,nan,nan,nan,982.1483000000001,300.1428,2634.675,1938.0464,1184.5558,3783.9624,nan,nan,nan,nan,nan,nan
290,nan,nan,nan,nan,nan,nan,997.783125,300.1428,2634.675,1916.85095,1184.5558,3783.9624,nan,nan,nan,nan,nan,nan
291,nan,nan,nan,nan,nan,nan,989.919575,300.1428,2634.675,1953.171575,1184.5558,3783.9624,nan,nan,nan,nan,nan,nan
292,nan,nan,nan,nan,nan,nan,993.077025,300.1428,2634.675,1964.658425,1184.5558,3783.9624,nan,nan,nan,nan,nan,nan
293,nan,nan,nan,nan,nan,nan,987.1493250000001,300.1428,2634.675,2041.549625,1184.5558,3783.9624,nan,nan,nan,nan,nan,nan
294,nan,nan,nan,nan,nan,nan,998.302575,300.1428,2634.675,1997.0962000000002,1184.5558,3783.9624,nan,nan,nan,nan,nan,nan
295,nan,nan,nan,nan,nan,nan,976.4580000000001,300.1428,2634.675,1951.603575,1184.5558,3783.9624,nan,nan,nan,nan,nan,nan
296,nan,nan,nan,nan,nan,nan,990.0715250000001,300.1428,2634.675,1943.8334750000001,1184.5558,3783.9624,nan,nan,nan,nan,nan,nan
297,nan,nan,nan,nan,nan,nan,979.03925,300.1428,2634.675,1942.4017000000001,1184.5558,3783.9624,nan,nan,nan,nan,nan,nan
298,nan,nan,nan,nan,nan,nan,990.224675,300.1428,2634.675,1871.5805750000002,1157.1111,3783.9624,nan,nan,nan,nan,nan,nan
299,nan,nan,nan,nan,nan,nan,991.991975,300.1428,2634.675,1912.521725,1184.5558,3783.9624,nan,nan,nan,nan,nan,nan
300,nan,nan,nan,nan,nan,nan,986.331775,300.1428,2634.675,2019.6396750000001,1184.5558,3783.9624,nan,nan,nan,nan,nan,nan
301,nan,nan,nan,nan,nan,nan,989.2354750000001,300.1428,2634.675,1971.2223000000001,1184.5558,3783.9624,nan,nan,nan,nan,nan,nan
302,nan,nan,nan,nan,nan,nan,987.6553,300.1428,2634.675,1952.8964250000001,1184.5558,3783.9624,nan,nan,nan,nan,nan,nan
303,nan,nan,nan,nan,nan,nan,980.0137500000001,300.1428,2634.675,1926.0119,1184.5558,3783.9624,nan,nan,nan,nan,nan,nan
304,nan,nan,nan,nan,nan,nan,987.5836750000001,300.1428,2634.675,1999.9223,1184.5558,3783.9624,nan,nan,nan,nan,nan,nan
305,nan,nan,nan,nan,nan,nan,981.1011500000001,300.1428,2634.675,1922.32905,1184.5558,3783.9624,nan,nan,nan,nan,nan,nan
306,nan,nan,nan,nan,nan,nan,992.7308750000001,300.1428,2634.675,1898.1049,1184.5558,3783.9624,nan,nan,nan,nan,nan,nan
307,nan,nan,nan,nan,nan,nan,980.7339000000001,300.1428,2634.675,1893.038825,1184.5558,3783.9624,nan,nan,nan,nan,nan,nan
308,nan,nan,nan,nan,nan,nan,982.1200500000001,300.1428,2634.675,1906.079075,1184.5558,3783.9624,nan,nan,nan,nan,nan,nan
309,nan,nan,nan,nan,nan,nan,976.2910750000001,300.1428,2634.675,1879.646175,1184.5558,3783.9624,nan,nan,nan,nan,nan,nan
310,nan,nan,nan,nan,nan,nan,998.4829500000001,300.1428,2634.675,1888.197575,1184.5558,3783.9624,nan,nan,nan,nan,nan,nan
311,nan,nan,nan,nan,nan,nan,985.47765,300.1428,2634.675,1915.93255,1184.5558,3783.9624,nan,nan,nan,nan,nan,nan
312,nan,nan,nan,nan,nan,nan,983.60175,300.1428,2634.675,1928.2746750000001,1184.5558,3783.9624,nan,nan,nan,nan,nan,nan
313,nan,nan,nan,nan,nan,nan,973.693975,300.1428,2634.675,1894.195075,1184.5558,3783.9624,nan,nan,nan,nan,nan,nan
314,nan,nan,nan,nan,nan,nan,985.6897250000001,300.1428,2634.675,1890.073175,1184.5558,3783.9624,nan,nan,nan,nan,nan,nan
315,nan,nan,nan,nan,nan,nan,983.1090750000001,300.1428,2634.675,1935.32185,1184.5558,3783.9624,nan,nan,nan,nan,nan,nan
316,nan,nan,nan,nan,nan,nan,976.2593,300.1428,2634.675,1964.499875,1184.5558,3783.9624,nan,nan,nan,nan,nan,nan
317,nan,nan,nan,nan,nan,nan,980.918575,300.1428,2634.675,1881.37635,1184.5558,3783.9624,nan,nan,nan,nan,nan,nan
318,nan,nan,nan,nan,nan,nan,981.21235,300.1428,2634.675,1849.265625,1067.8513,3783.9624,nan,nan,nan,nan,nan,nan
319,nan,nan,nan,nan,nan,nan,978.216275,300.1428,2634.675,1901.1612,1184.5558,3783.9624,nan,nan,nan,nan,nan,nan
320,nan,nan,nan,nan,nan,nan,987.4769500000001,300.1428,2634.675,1876.1929,1175.5604,3783.9624,nan,nan,nan,nan,nan,nan
321,nan,nan,nan,nan,nan,nan,978.5392,300.1428,2634.675,1894.140025,1184.5558,3783.9624,nan,nan,nan,nan,nan,nan
322,nan,nan,nan,nan,nan,nan,982.1184750000001,300.1428,2634.675,1821.9483750000002,958.5823,3783.9624,nan,nan,nan,nan,nan,nan
323,nan,nan,nan,nan,nan,nan,985.0006500000001,300.1428,2634.675,1843.3627250000002,1044.2397,3783.9624,nan,nan,nan,nan,nan,nan
324,nan,nan,nan,nan,nan,nan,980.1636500000001,300.1428,2634.675,1853.546675,1084.9755,3783.9624,nan,nan,nan,nan,nan,nan
325,nan,nan,nan,nan,nan,nan,969.950925,300.1428,2634.675,1880.390925,1184.5558,3783.9624,nan,nan,nan,nan,nan,nan
326,nan,nan,nan,nan,nan,nan,973.295025,300.1428,2634.675,1927.029275,1184.5558,3783.9624,nan,nan,nan,nan,nan,nan
327,nan,nan,nan,nan,nan,nan,982.3458,300.1428,2634.675,1907.7272500000001,1184.5558,3783.9624,nan,nan,nan,nan,nan,nan
328,nan,nan,nan,nan,nan,nan,985.39085,300.1428,2634.675,1866.5221250000002,1136.8773,3783.9624,nan,nan,nan,nan,nan,nan
329,nan,nan,nan,nan,nan,nan,977.73,300.1428,2634.675,1899.629725,1184.5558,3783.9624,nan,nan,nan,nan,nan,nan
330,nan,nan,nan,nan,nan,nan,983.24755,300.1428,2634.675,1958.8777750000002,1184.5558,3783.9624,nan,nan,nan,nan,nan,nan
331,nan,nan,nan,nan,nan,nan,973.7838250000001,300.1428,2634.675,1936.619575,1184.5558,3783.9624,nan,nan,nan,nan,nan,nan
332,nan,nan,nan,nan,nan,nan,981.2201,300.1428,2634.675,1936.67795,1184.5558,3783.9624,nan,nan,nan,nan,nan,nan
333,nan,nan,nan,nan,nan,nan,974.742425,300.1428,2634.675,1922.8738500000002,1184.5558,3783.9624,nan,nan,nan,nan,nan,nan
334,nan,nan,nan,nan,nan,nan,981.7191750000001,300.1428,2634.675,1929.3147000000001,1184.5558,3783.9624,nan,nan,nan,nan,nan,nan
335,nan,nan,nan,nan,nan,nan,974.7802750000001,300.1428,2634.675,1903.841925,1184.5558,3783.9624,nan,nan,nan,nan,nan,nan
336,nan,nan,nan,nan,nan,nan,975.101125,300.1428,2634.675,1913.199975,1184.5558,3783.9624,nan,nan,nan,nan,nan,nan
337,nan,nan,nan,nan,nan,nan,970.3972500000001,300.1428,2634.675,1875.741575,1173.7551,3783.9624,nan,nan,nan,nan,nan,nan
338,nan,nan,nan,nan,nan,nan,973.3847000000001,300.1428,2634.675,1927.2812000000001,1184.5558,3783.9624,nan,nan,nan,nan,nan,nan
339,nan,nan,nan,nan,nan,nan,987.8983750000001,300.1428,2634.675,1885.13645,1184.5558,3783.9624,nan,nan,nan,nan,nan,nan
340,nan,nan,nan,nan,nan,nan,984.106275,300.1428,2634.675,1978.289575,1184.5558,3783.9624,nan,nan,nan,nan,nan,nan
341,nan,nan,nan,nan,nan,nan,985.606125,300.1428,2634.675,1993.801875,1184.5558,3783.9624,nan,nan,nan,nan,nan,nan
342,nan,nan,nan,nan,nan,nan,975.9192,300.1428,2634.675,1899.510125,1184.5558,3783.9624,nan,nan,nan,nan,nan,nan
343,nan,nan,nan,nan,nan,nan,979.461625,300.1428,2634.675,1931.97285,1184.5558,3783.9624,nan,nan,nan,nan,nan,nan
344,nan,nan,nan,nan,nan,nan,963.23005,300.1428,2634.675,1897.2064,1184.5558,3783.9624,nan,nan,nan,nan,nan,nan
345,nan,nan,nan,nan,nan,nan,977.751125,300.1428,2634.675,1901.08705,1184.5558,3783.9624,nan,nan,nan,nan,nan,nan
346,nan,nan,nan,nan,nan,nan,971.8483,300.1428,2634.675,1927.4737,1184.5558,3783.9624,nan,nan,nan,nan,nan,nan
347,nan,nan,nan,nan,nan,nan,963.520525,300.1428,2634.675,1884.12825,1184.5558,3783.9624,nan,nan,nan,nan,nan,nan
348,nan,nan,nan,nan,nan,nan,979.6543250000001,300.1428,2634.675,1902.631925,1184.5558,3783.9624,nan,nan,nan,nan,nan,nan
349,nan,nan,nan,nan,nan,nan,969.78625,300.1428,2634.675,1968.84165,1184.5558,3783.9624,nan,nan,nan,nan,nan,nan
350,nan,nan,nan,nan,nan,nan,978.86035,300.1428,2634.675,1887.68485,1184.5558,3783.9624,nan,nan,nan,nan,nan,nan
351,nan,nan,nan,nan,nan,nan,971.7668,300.1428,2634.675,1984.478225,1184.5558,3783.9624,nan,nan,nan,nan,nan,nan
352,nan,nan,nan,nan,nan,nan,975.932125,300.1428,2634.675,1975.0508750000001,1184.5558,3783.9624,nan,nan,nan,nan,nan,nan
353,nan,nan,nan,nan,nan,nan,967.584275,300.1428,2634.675,1901.1313,1184.5558,3783.9624,nan,nan,nan,nan,nan,nan
354,nan,nan,nan,nan,nan,nan,980.275075,300.1428,2634.675,1864.3252,1128.0896,3783.9624,nan,nan,nan,nan,nan,nan
355,nan,nan,nan,nan,nan,nan,981.278125,300.1428,2634.675,1870.0695,1151.0668,3783.9624,nan,nan,nan,nan,nan,nan
356,nan,nan,nan,nan,nan,nan,964.8119750000001,300.1428,2634.675,1878.010575,1182.8311,3783.9624,nan,nan,nan,nan,nan,nan
357,nan,nan,nan,nan,nan,nan,964.6548750000001,300.1428,2634.675,1908.4685000000002,1184.5558,3783.9624,nan,nan,nan,nan,nan,nan
358,nan,nan,nan,nan,nan,nan,960.89885,300.1428,2634.675,1876.4129500000001,1176.4406,3783.9624,nan,nan,nan,nan,nan,nan
359,nan,nan,nan,nan,nan,nan,964.1643,300.1428,2634.675,1832.62245,1001.2786,3783.9624,nan,nan,nan,nan,nan,nan
360,nan,nan,nan,nan,nan,nan,962.831125,300.1428,2634.675,1852.8321,1082.1172,3783.9624,nan,nan,nan,nan,nan,nan
361,nan,nan,nan,nan,nan,nan,981.3780750000001,300.1428,2634.675,1854.17835,1087.5022,3783.9624,nan,nan,nan,nan,nan,nan
362,nan,nan,nan,nan,nan,nan,974.6724750000001,300.1428,2634.675,1897.337125,1184.5558,3783.9624,nan,nan,nan,nan,nan,nan
363,nan,nan,nan,nan,nan,nan,965.1009,300.1428,2634.675,1866.477625,1136.6993,3783.9624,nan,nan,nan,nan,nan,nan
364,nan,nan,nan,nan,nan,nan,972.032175,300.1428,2634.675,1862.1123,1119.238,3783.9624,nan,nan,nan,nan,nan,nan
365,nan,nan,nan,nan,nan,nan,965.178925,300.1428,2634.675,1945.43165,1184.5558,3783.9624,nan,nan,nan,nan,nan,nan
366,nan,nan,nan,nan,nan,nan,967.912725,300.1428,2634.675,1863.182325,1123.5181,3783.9624,nan,nan,nan,nan,nan,nan
367,nan,nan,nan,nan,nan,nan,966.18735,300.1428,2634.675,1871.317625,1156.0593,3783.9624,nan,nan,nan,nan,nan,nan
368,nan,nan,nan,nan,nan,nan,955.7206500000001,300.1428,2634.675,1856.4792,1096.7056,3783.9624,nan,nan,nan,nan,nan,nan
369,nan,nan,nan,nan,nan,nan,964.2648250000001,300.1428,2634.675,1873.86155,1166.235,3783.9624,nan,nan,nan,nan,nan,nan
370,nan,nan,nan,nan,nan,nan,964.7492000000001,300.1428,2634.675,1929.852725,1184.5558,3783.9624,nan,nan,nan,nan,nan,nan
371,nan,nan,nan,nan,nan,nan,970.18825,300.1428,2634.675,1956.1910500000001,1184.5558,3783.9624,nan,nan,nan,nan,nan,nan
372,nan,nan,nan,nan,nan,nan,957.8975,300.1428,2634.675,1939.800775,1184.5558,3783.9624,nan,nan,nan,nan,nan,nan
373,nan,nan,nan,nan,nan,nan,984.9575500000001,300.1428,2634.675,1904.6615,1184.5558,3783.9624,nan,nan,nan,nan,nan,nan
374,nan,nan,nan,nan,nan,nan,966.0215750000001,300.1428,2634.675,1915.883675,1184.5558,3783.9624,nan,nan,nan,nan,nan,nan
375,nan,nan,nan,nan,nan,nan,965.045425,300.1428,2634.675,1899.197125,1184.5558,3783.9624,nan,nan,nan,nan,nan,nan
376,nan,nan,nan,nan,nan,nan,967.48955,300.1428,2634.675,1893.2096,1184.5558,3783.9624,nan,nan,nan,nan,nan,nan
377,nan,nan,nan,nan,nan,nan,980.231525,300.1428,2634.675,1876.2037750000002,1175.6039,3783.9624,nan,nan,nan,nan,nan,nan
378,nan,nan,nan,nan,nan,nan,961.358725,300.1428,2634.675,1896.141675,1184.5558,3783.9624,nan,nan,nan,nan,nan,nan
379,nan,nan,nan,nan,nan,nan,959.8539750000001,300.1428,2634.675,1893.7494,1184.5558,3783.9624,nan,nan,nan,nan,nan,nan
380,nan,nan,nan,nan,nan,nan,967.35805,300.1428,2634.675,1933.131925,1184.5558,3783.9624,nan,nan,nan,nan,nan,nan
381,nan,nan,nan,nan,nan,nan,994.6526250000001,300.1428,2634.675,1899.3361750000001,1184.5558,3783.9624,nan,nan,nan,nan,nan,nan
382,nan,nan,nan,nan,nan,nan,982.7721250000001,300.1428,2634.675,1923.7074,1184.5558,3783.9624,nan,nan,nan,nan,nan,nan
383,nan,nan,nan,nan,nan,nan,973.671325,300.1428,2634.675,1852.916,1082.4528,3783.9624,nan,nan,nan,nan,nan,nan
384,nan,nan,nan,nan,nan,nan,967.49495,300.1428,2634.675,1877.092325,1179.1581,3783.9624,nan,nan,nan,nan,nan,nan
385,nan,nan,nan,nan,nan,nan,959.87125,300.1428,2634.675,1879.583075,1184.5558,3783.9624,nan,nan,nan,nan,nan,nan
386,nan,nan,nan,nan,nan,nan,960.071225,300.1428,2634.675,1849.45395,1068.6046,3783.9624,nan,nan,nan,nan,nan,nan
387,nan,nan,nan,nan,nan,nan,957.67105,300.1428,2634.675,1875.382025,1172.3169,3783.9624,nan,nan,nan,nan,nan,nan
388,nan,nan,nan,nan,nan,nan,961.390075,300.1428,2634.675,1889.7483,1184.5558,3783.9624,nan,nan,nan,nan,nan,nan
389,nan,nan,nan,nan,nan,nan,968.230275,300.1428,2634.675,1901.989875,1184.5558,3783.9624,nan,nan,nan,nan,nan,nan
390,nan,nan,nan,nan,nan,nan,959.0036,300.1428,2634.675,1891.9345250000001,1184.5558,3783.9624,nan,nan,nan,nan,nan,nan
391,nan,nan,nan,nan,nan,nan,962.4286000000001,300.1428,2634.675,1895.086825,1184.5558,3783.9624,nan,nan,nan,nan,nan,nan
392,nan,nan,nan,nan,nan,nan,966.0466250000001,300.1428,2634.675,1902.5592,1184.5558,3783.9624,nan,nan,nan,nan,nan,nan
393,nan,nan,nan,nan,nan,nan,959.5736750000001,300.1428,2634.675,1861.92315,1118.4814,3783.9624,nan,nan,nan,nan,nan,nan
394,nan,nan,nan,nan,nan,nan,977.109775,300.1428,2634.675,1871.622775,1157.2799,3783.9624,nan,nan,nan,nan,nan,nan
395,nan,nan,nan,nan,nan,nan,963.1666,300.1428,2634.675,1937.3623,1184.5558,3783.9624,nan,nan,nan,nan,nan,nan
396,nan,nan,nan,nan,nan,nan,952.9110000000001,300.1428,2634.675,1933.12305,1184.5558,3783.9624,nan,nan,nan,nan,nan,nan
397,nan,nan,nan,nan,nan,nan,957.67075,300.1428,2634.675,1888.796075,1184.5558,3783.9624,nan,nan,nan,nan,nan,nan
398,nan,nan,nan,nan,nan,nan,965.0674750000001,300.1428,2634.675,1860.7953,1113.97,3783.9624,nan,nan,nan,nan,nan,nan
399,nan,nan,nan,nan,nan,nan,950.91485,300.1428,2634.675,1878.1562000000001,1183.4136,3783.9624,nan,nan,nan,nan,nan,nan
400,nan,nan,nan,nan,nan,nan,958.7350250000001,300.1428,2634.675,1918.643125,1184.5558,3783.9624,nan,nan,nan,nan,nan,nan
401,nan,nan,nan,nan,nan,nan,972.8117000000001,300.1428,2634.675,1900.761425,1184.5558,3783.9624,nan,nan,nan,nan,nan,nan
402,nan,nan,nan,nan,nan,nan,951.439825,300.1428,2634.675,1887.16905,1184.5558,3783.9624,nan,nan,nan,nan,nan,nan
403,nan,nan,nan,nan,nan,nan,968.841575,300.1428,2634.675,1903.809,1184.5558,3783.9624,nan,nan,nan,nan,nan,nan
404,nan,nan,nan,nan,nan,nan,965.1701750000001,300.1428,2634.675,1909.419675,1184.5558,3783.9624,nan,nan,nan,nan,nan,nan
405,nan,nan,nan,nan,nan,nan,956.444525,300.1428,2634.675,1881.9942,1184.5558,3783.9624,nan,nan,nan,nan,nan,nan
406,nan,nan,nan,nan,nan,nan,966.15515,300.1428,2634.675,1875.92335,1174.4822,3783.9624,nan,nan,nan,nan,nan,nan
407,nan,nan,nan,nan,nan,nan,960.72775,300.1428,2634.675,1895.36895,1184.5558,3783.9624,nan,nan,nan,nan,nan,nan
408,nan,nan,nan,nan,nan,nan,958.4363000000001,300.1428,2634.675,1883.41165,1184.5558,3783.9624,nan,nan,nan,nan,nan,nan
409,nan,nan,nan,nan,nan,nan,959.55465,300.1428,2634.675,1881.4474500000001,1184.5558,3783.9624,nan,nan,nan,nan,nan,nan
410,nan,nan,nan,nan,nan,nan,957.251575,300.1428,2634.675,1896.2943750000002,1184.5558,3783.9624,nan,nan,nan,nan,nan,nan
411,nan,nan,nan,nan,nan,nan,972.8762,300.1428,2634.675,1910.4951250000001,1184.5558,3783.9624,nan,nan,nan,nan,nan,nan
412,nan,nan,nan,nan,nan,nan,951.0305000000001,300.1428,2634.675,1878.72895,1184.5558,3783.9624,nan,nan,nan,nan,nan,nan
413,nan,nan,nan,nan,nan,nan,957.443975,300.1428,2634.675,1874.608575,1169.2231,3783.9624,nan,nan,nan,nan,nan,nan
414,nan,nan,nan,nan,nan,nan,954.189575,300.1428,2634.675,1850.055675,1071.0115,3783.9624,nan,nan,nan,nan,nan,nan
415,nan,nan,nan,nan,nan,nan,945.324825,300.1428,2634.675,1868.765475,1145.8507,3783.9624,nan,nan,nan,nan,nan,nan
416,nan,nan,nan,nan,nan,nan,970.9479,300.1428,2634.675,1877.533475,1180.9227,3783.9624,nan,nan,nan,nan,nan,nan
417,nan,nan,nan,nan,nan,nan,957.9174,300.1428,2634.675,1873.3678,1164.26,3783.9624,nan,nan,nan,nan,nan,nan
418,nan,nan,nan,nan,nan,nan,949.413525,300.1428,2634.675,1854.4073250000001,1088.4181,3783.9624,nan,nan,nan,nan,nan,nan
419,nan,nan,nan,nan,nan,nan,959.1177250000001,300.1428,2634.675,1842.190125,1039.5493,3783.9624,nan,nan,nan,nan,nan,nan
420,nan,nan,nan,nan,nan,nan,955.2368250000001,300.1428,2634.675,1877.5767250000001,1181.0957,3783.9624,nan,nan,nan,nan,nan,nan
421,nan,nan,nan,nan,nan,nan,958.715775,300.1428,2634.675,1874.3253750000001,1168.0903,3783.9624,nan,nan,nan,nan,nan,nan
422,nan,nan,nan,nan,nan,nan,962.0371,300.1428,2634.675,1871.3931,1156.3612,3783.9624,nan,nan,nan,nan,nan,nan
423,nan,nan,nan,nan,nan,nan,956.162625,300.1428,2634.675,1896.872575,1184.5558,3783.9624,nan,nan,nan,nan,nan,nan
424,nan,nan,nan,nan,nan,nan,956.0863250000001,300.1428,2634.675,1889.8304500000002,1184.5558,3783.9624,nan,nan,nan,nan,nan,nan
425,nan,nan,nan,nan,nan,nan,955.7145250000001,300.1428,2634.675,1882.364225,1184.5558,3783.9624,nan,nan,nan,nan,nan,nan
426,nan,nan,nan,nan,nan,nan,958.1998,300.1428,2634.675,1894.546525,1184.5558,3783.9624,nan,nan,nan,nan,nan,nan
427,nan,nan,nan,nan,nan,nan,947.101975,300.1428,2634.675,1885.958675,1184.5558,3783.9624,nan,nan,nan,nan,nan,nan
428,nan,nan,nan,nan,nan,nan,979.8396,300.1428,2634.675,1876.4159,1176.4524,3783.9624,nan,nan,nan,nan,nan,nan
429,nan,nan,nan,nan,nan,nan,978.3921250000001,300.1428,2634.675,1883.017525,1184.5558,3783.9624,nan,nan,nan,nan,nan,nan
430,nan,nan,nan,nan,nan,nan,959.8981500000001,300.1428,2634.675,1885.8801500000002,1184.5558,3783.9624,nan,nan,nan,nan,nan,nan
431,nan,nan,nan,nan,nan,nan,966.617375,300.1428,2634.675,1851.291025,1075.9529,3783.9624,nan,nan,nan,nan,nan,nan
432,nan,nan,nan,nan,nan,nan,950.9424250000001,300.1428,2634.675,1836.0617,1015.0356,3783.9624,nan,nan,nan,nan,nan,nan
433,nan,nan,nan,nan,nan,nan,949.02615,300.1428,2634.675,1853.785225,1085.9297,3783.9624,nan,nan,nan,nan,nan,nan
434,nan,nan,nan,nan,nan,nan,955.5560250000001,300.1428,2634.675,1849.50685,1068.8162,3783.9624,nan,nan,nan,nan,nan,nan
435,nan,nan,nan,nan,nan,nan,955.5987250000001,300.1428,2634.675,1867.4510500000001,1140.593,3783.9624,nan,nan,nan,nan,nan,nan
436,nan,nan,nan,nan,nan,nan,951.2104250000001,300.1428,2634.675,1900.44595,1184.5558,3783.9624,nan,nan,nan,nan,nan,nan
437,nan,nan,nan,nan,nan,nan,949.38035,300.1428,2634.675,1879.034175,1184.5558,3783.9624,nan,nan,nan,nan,nan,nan
438,nan,nan,nan,nan,nan,nan,953.8454250000001,300.1428,2634.675,1895.03845,1184.5558,3783.9624,nan,nan,nan,nan,nan,nan
439,nan,nan,nan,nan,nan,nan,961.5808000000001,300.1428,2634.675,1848.082025,1063.1169,3783.9624,nan,nan,nan,nan,nan,nan
440,nan,nan,nan,nan,nan,nan,945.096125,300.1428,2634.675,1873.2428,1163.76,3783.9624,nan,nan,nan,nan,nan,nan
441,nan,nan,nan,nan,nan,nan,950.72945,300.1428,2634.675,1850.9867000000002,1074.7356,3783.9624,nan,nan,nan,nan,nan,nan
442,nan,nan,nan,nan,nan,nan,955.9386000000001,300.1428,2634.675,1843.979475,1046.7067,3783.9624,nan,nan,nan,nan,nan,nan
443,nan,nan,nan,nan,nan,nan,954.6686500000001,300.1428,2634.675,1864.6747500000001,1129.4878,3783.9624,nan,nan,nan,nan,nan,nan
444,nan,nan,nan,nan,nan,nan,949.11505,300.1428,2634.675,1846.146725,1055.3757,3783.9624,nan,nan,nan,nan,nan,nan
445,nan,nan,nan,nan,nan,nan,953.653575,300.1428,2634.675,1873.843,1166.1608,3783.9624,nan,nan,nan,nan,nan,nan
446,nan,nan,nan,nan,nan,nan,952.56425,300.1428,2634.675,1856.962275,1098.6379,3783.9624,nan,nan,nan,nan,nan,nan
447,nan,nan,nan,nan,nan,nan,951.41845,300.1428,2634.675,1868.71495,1145.6486,3783.9624,nan,nan,nan,nan,nan,nan
448,nan,nan,nan,nan,nan,nan,949.7431,300.1428,2634.675,1861.87335,1118.2822,3783.9624,nan,nan,nan,nan,nan,nan
449,nan,nan,nan,nan,nan,nan,952.0626000000001,300.1428,2634.675,1872.661525,1161.4349,3783.9624,nan,nan,nan,nan,nan,nan
450,nan,nan,nan,nan,nan,nan,945.9407500000001,300.1428,2634.675,1866.19075,1135.5518,3783.9624,nan,nan,nan,nan,nan,nan
451,nan,nan,nan,nan,nan,nan,956.3273750000001,300.1428,2634.675,1860.51545,1112.8506,3783.9624,nan,nan,nan,nan,nan,nan
452,nan,nan,nan,nan,nan,nan,955.3312000000001,300.1428,2634.675,1859.3889000000001,1108.3444,3783.9624,nan,nan,nan,nan,nan,nan
453,nan,nan,nan,nan,nan,nan,947.5284750000001,300.1428,2634.675,1855.796075,1093.9731,3783.9624,nan,nan,nan,nan,nan,nan
454,nan,nan,nan,nan,nan,nan,959.4075750000001,300.1428,2634.675,1875.416625,1172.4553,3783.9624,nan,nan,nan,nan,nan,nan
455,nan,nan,nan,nan,nan,nan,945.540925,300.1428,2634.675,1859.143325,1107.3621,3783.9624,nan,nan,nan,nan,nan,nan
456,nan,nan,nan,nan,nan,nan,944.84415,300.1428,2634.675,1857.874475,1102.2867,3783.9624,nan,nan,nan,nan,nan,nan
457,nan,nan,nan,nan,nan,nan,943.840425,300.1428,2634.675,1859.810575,1110.0311,3783.9624,nan,nan,nan,nan,nan,nan
458,nan,nan,nan,nan,nan,nan,950.9501,300.1428,2634.675,1867.946725,1142.5757,3783.9624,nan,nan,nan,nan,nan,nan
459,nan,nan,nan,nan,nan,nan,949.32335,300.1428,2634.675,1854.7334,1089.7224,3783.9624,nan,nan,nan,nan,nan,nan
460,nan,nan,nan,nan,nan,nan,952.195675,300.1428,2634.675,1863.5185000000001,1124.8628,3783.9624,nan,nan,nan,nan,nan,nan
461,nan,nan,nan,nan,nan,nan,954.30605,300.1428,2634.675,1865.594,1133.1648,3783.9624,nan,nan,nan,nan,nan,nan
462,nan,nan,nan,nan,nan,nan,948.8686250000001,300.1428,2634.675,1858.1559750000001,1103.4127,3783.9624,nan,nan,nan,nan,nan,nan
463,nan,nan,nan,nan,nan,nan,955.4044250000001,300.1428,2634.675,1856.3196500000001,1096.0674,3783.9624,nan,nan,nan,nan,nan,nan
464,nan,nan,nan,nan,nan,nan,945.85485,300.1428,2634.675,1853.9658000000002,1086.652,3783.9624,nan,nan,nan,nan,nan,nan
465,nan,nan,nan,nan,nan,nan,949.0762000000001,300.1428,2634.675,1854.7677,1089.8596,3783.9624,nan,nan,nan,nan,nan,nan
466,nan,nan,nan,nan,nan,nan,942.6651750000001,300.1428,2634.675,1842.2401750000001,1039.7495,3783.9624,nan,nan,nan,nan,nan,nan
467,nan,nan,nan,nan,nan,nan,957.499725,300.1428,2634.675,1854.643875,1089.3643,3783.9624,nan,nan,nan,nan,nan,nan
468,nan,nan,nan,nan,nan,nan,943.989725,300.1428,2634.675,1852.617825,1081.2601,3783.9624,nan,nan,nan,nan,nan,nan
469,nan,nan,nan,nan,nan,nan,950.21055,300.1428,2634.675,1859.02655,1106.895,3783.9624,nan,nan,nan,nan,nan,nan
470,nan,nan,nan,nan,nan,nan,945.6919,300.1428,2634.675,1851.527875,1076.9003,3783.9624,nan,nan,nan,nan,nan,nan
471,nan,nan,nan,nan,nan,nan,959.608475,300.1428,2634.675,1851.4318250000001,1076.5161,3783.9624,nan,nan,nan,nan,nan,nan
472,nan,nan,nan,nan,nan,nan,943.19285,300.1428,2634.675,1851.573925,1077.0845,3783.9624,nan,nan,nan,nan,nan,nan
